case_id,label,view_status,g0_source,working_width,working_height,image_kind,same_image_mask_available,G0_count,G1_count,line_template_count,canonical_parent_count,raw_id_collision_count,duplicate_group_count,A_line,A_paint,A_eligible_count,B_status,B_selected,B_r1_selected,B_r2_selected,B_pilot_selected,C_status,C_selected,C_r1_selected,C_r2_selected,C_pilot_selected,valid_children,fit_attempts,determinism_match,controls
gxBQ_window_00_frame_0,GX0,completed,direct:frozen_views/baseline_generation/gxBQ_window_00_frame_0.json.gz,960,540,source_frame,True,256,256,256,768,0,0,G0:22:4579,G0:22:4588,34,provisional_for_review,line_template:rectangle_19114:template_134,line_template:rectangle_19114:template_134,line_template:rectangle_19114:template_134,line_template:rectangle_19114:template_134,provisional_for_review,line_template:rectangle_19114:template_134/child,line_template:rectangle_19114:template_134/child,line_template:rectangle_19114:template_134/child,line_template:rectangle_19114:template_134/child,720,768,True,
gxBQ_window_00_frame_5,GX5,completed,replayed:automatic_axes_20260914/all_camera/gxBQ_window_00_frame_5.json.gz,960,540,source_frame,False,256,256,256,768,0,0,G0:181:1029,G0:181:973,12,provisional_for_review,line_template:rectangle_85795:template_72,line_template:rectangle_20061:template_59,line_template:rectangle_85795:template_72,line_template:rectangle_20061:template_59,provisional_for_review,line_template:rectangle_85795:template_72/child,line_template:rectangle_20061:template_59,line_template:rectangle_85795:template_72/child,line_template:rectangle_20061:template_59,599,768,True,
am2_window_00_frame_150,Am2-150,completed,replayed:automatic_axes_20260914/all_camera/am2_window_00_frame_150.json.gz,960,540,source_frame,True,256,256,256,767,0,1,G0:30:30,G0:30:33,32,provisional_for_review,G0:30:148,G0:32:3188,G0:30:148,G0:32:3188,provisional_for_review,G1:30:137/child,G1:30:9149/child,G1:30:137/child,G1:30:9149/child,290,767,True,diagnostic:am2_window_00_frame_150:30:33
am2_window_01_frame_28019,Am2-28019,completed,replayed:automatic_axes_20260914/all_camera/am2_window_01_frame_28019.json.gz,960,540,source_frame,True,256,256,256,764,1,4,G1:15:168,G1:15:168,10,provisional_for_review,line_template:rectangle_210761:template_48,line_template:rectangle_116543:template_43,line_template:rectangle_210761:template_48,G1:0:777,provisional_for_review,line_template:rectangle_210761:template_48,line_template:rectangle_116543:template_43,line_template:rectangle_210761:template_48,G1:0:35/child,414,764,True,diagnostic:am2_window_01_frame_28019:184:4123
am3_window_00_frame_0,Am3-0,completed,direct:frozen_views/baseline_generation/am3_window_00_frame_0.json.gz,960,540,source_frame,True,256,256,256,768,0,0,G1:43:296,G1:43:296,148,provisional_for_review,G1:43:299,G1:43:153,G1:43:299,G1:44:25,provisional_for_review,G1:43:299/child,G1:43:299/child,G1:43:299/child,G1:44:25,632,768,True,
shuttleset_03_scene_0017,SS03-17,completed,replayed:automatic_axes_20260914/all_camera/shuttleset_03_scene_0017.json.gz,960,540,cached_median_view_thumbnail,False,256,256,256,722,1,46,G0:1:83,G1:1:71,502,provisional_for_review,G1:1:5355,G1:1:5355,G1:1:5355,G1:1:5355,provisional_for_review,G1:1:1308/child,G1:1:1308/child,G1:1:1308/child,G1:1:1308/child,676,722,True,
shuttleset_03_scene_0019,SS03-19,completed,replayed:automatic_axes_20260914/all_camera/shuttleset_03_scene_0019.json.gz,960,540,cached_median_view_thumbnail,False,256,256,256,713,3,55,G0:1:60,G0:1:60,505,provisional_for_review,line_template:rectangle_164603:template_55,line_template:rectangle_164603:template_55,line_template:rectangle_164603:template_55,line_template:rectangle_164603:template_55,provisional_for_review,G1:1:533/child,line_template:rectangle_164603:template_55,G1:1:533/child,line_template:rectangle_164603:template_55,680,713,True,diagnostic:shuttleset_03_scene_0019:1:60;diagnostic:shuttleset_03_scene_0019:165:6702
shuttleset_03_scene_0016,SS03-16,completed,replayed:automatic_axes_20260914/all_camera/shuttleset_03_scene_0016.json.gz,960,540,cached_median_view_thumbnail,False,256,256,256,683,5,85,G0:1:60,G0:1:31,496,provisional_for_review,G0:1:31,G0:1:31,G0:1:31,G0:1:31,provisional_for_review,G0:1:31,G0:1:31,G0:1:31,G0:1:31,668,683,True,
shuttleset_21_scene_0020,SS21-20,completed,replayed:automatic_axes_20260914/all_camera/shuttleset_21_scene_0020.json.gz,960,540,cached_median_view_thumbnail,False,256,256,256,691,5,77,G1:0:2,G1:0:2,491,provisional_for_review,G1:0:1970,G1:0:1970,G1:0:1970,G1:0:1970,provisional_for_review,G1:0:1970,G1:0:1970,G1:0:1970,G1:0:1970,667,691,True,
