rally_id,tolerance_base30,tolerance_frames,row_kind,gt_frame,candidate_frame,offset_frames
0,5,5,matched,12835,12834,-1
0,5,5,matched,13067,13066,-1
0,5,5,matched,13115,13114,-1
0,5,5,matched,13145,13144,-1
0,5,5,matched,12852,12850,-2
0,5,5,matched,12907,12905,-2
0,5,5,matched,12975,12971,-4
0,5,5,matched,12995,12991,-4
0,5,5,matched,13037,13033,-4
0,5,5,matched,13100,13096,-4
0,5,5,matched,12771,12766,-5
0,5,5,matched,13009,13004,-5
0,5,5,unmatched_gt,12884,,
0,5,5,unmatched_gt,12949,,
0,5,5,unmatched_candidate,,13185,
0,5,5,unmatched_candidate,,13200,
0,5,5,unmatched_candidate,,13214,
0,5,5,unmatched_candidate,,13265,
0,5,5,unmatched_candidate,,13278,
0,10,10,matched,12835,12834,-1
0,10,10,matched,13067,13066,-1
0,10,10,matched,13115,13114,-1
0,10,10,matched,13145,13144,-1
0,10,10,matched,12852,12850,-2
0,10,10,matched,12907,12905,-2
0,10,10,matched,12975,12971,-4
0,10,10,matched,12995,12991,-4
0,10,10,matched,13037,13033,-4
0,10,10,matched,13100,13096,-4
0,10,10,matched,12771,12766,-5
0,10,10,matched,13009,13004,-5
0,10,10,unmatched_gt,12884,,
0,10,10,unmatched_gt,12949,,
0,10,10,unmatched_candidate,,13185,
0,10,10,unmatched_candidate,,13200,
0,10,10,unmatched_candidate,,13214,
0,10,10,unmatched_candidate,,13265,
0,10,10,unmatched_candidate,,13278,
1,5,5,matched,13637,13636,-1
1,5,5,matched,13722,13723,1
1,5,5,matched,13935,13934,-1
1,5,5,matched,13980,13979,-1
1,5,5,matched,13898,13900,2
1,5,5,matched,14038,14036,-2
1,5,5,matched,13768,13765,-3
1,5,5,matched,13823,13820,-3
1,5,5,matched,13753,13749,-4
1,5,5,matched,14012,14008,-4
1,5,5,unmatched_gt,13699,,
1,5,5,unmatched_gt,13792,,
1,5,5,unmatched_gt,13878,,
1,5,5,unmatched_candidate,,13568,
1,5,5,unmatched_candidate,,13601,
1,5,5,unmatched_candidate,,13612,
1,5,5,unmatched_candidate,,13693,
1,5,5,unmatched_candidate,,14054,
1,10,10,matched,13637,13636,-1
1,10,10,matched,13722,13723,1
1,10,10,matched,13935,13934,-1
1,10,10,matched,13980,13979,-1
1,10,10,matched,13898,13900,2
1,10,10,matched,14038,14036,-2
1,10,10,matched,13768,13765,-3
1,10,10,matched,13823,13820,-3
1,10,10,matched,13753,13749,-4
1,10,10,matched,14012,14008,-4
1,10,10,matched,13699,13693,-6
1,10,10,unmatched_gt,13792,,
1,10,10,unmatched_gt,13878,,
1,10,10,unmatched_candidate,,13568,
1,10,10,unmatched_candidate,,13601,
1,10,10,unmatched_candidate,,13612,
1,10,10,unmatched_candidate,,14054,
2,5,5,matched,14569,14568,-1
2,5,5,matched,14690,14689,-1
2,5,5,matched,14551,14553,2
2,5,5,matched,14643,14640,-3
2,5,5,unmatched_gt,14600,,
2,5,5,unmatched_gt,14617,,
2,5,5,unmatched_candidate,,14625,
2,5,5,unmatched_candidate,,14718,
2,5,5,unmatched_candidate,,14894,
2,5,5,unmatched_candidate,,14915,
2,5,5,unmatched_candidate,,14943,
2,5,5,unmatched_candidate,,14990,
2,5,5,unmatched_candidate,,15068,
2,5,5,unmatched_candidate,,15078,
2,10,10,matched,14569,14568,-1
2,10,10,matched,14690,14689,-1
2,10,10,matched,14551,14553,2
2,10,10,matched,14643,14640,-3
2,10,10,matched,14617,14625,8
2,10,10,unmatched_gt,14600,,
2,10,10,unmatched_candidate,,14718,
2,10,10,unmatched_candidate,,14894,
2,10,10,unmatched_candidate,,14915,
2,10,10,unmatched_candidate,,14943,
2,10,10,unmatched_candidate,,14990,
2,10,10,unmatched_candidate,,15068,
2,10,10,unmatched_candidate,,15078,
3,5,5,unmatched_gt,15175,,
3,5,5,unmatched_gt,15241,,
3,10,10,unmatched_gt,15175,,
3,10,10,unmatched_gt,15241,,
4,5,5,matched,15798,15798,0
4,5,5,matched,15913,15913,0
4,5,5,matched,15984,15984,0
4,5,5,matched,15733,15734,1
4,5,5,matched,15881,15880,-1
4,5,5,matched,15941,15940,-1
4,5,5,matched,16011,16010,-1
4,5,5,matched,15833,15830,-3
4,5,5,matched,15857,15861,4
4,5,5,unmatched_candidate,,15721,
4,5,5,unmatched_candidate,,15818,
4,5,5,unmatched_candidate,,16043,
4,5,5,unmatched_candidate,,16062,
4,5,5,unmatched_candidate,,16126,
4,10,10,matched,15798,15798,0
4,10,10,matched,15913,15913,0
4,10,10,matched,15984,15984,0
4,10,10,matched,15733,15734,1
4,10,10,matched,15881,15880,-1
4,10,10,matched,15941,15940,-1
4,10,10,matched,16011,16010,-1
4,10,10,matched,15833,15830,-3
4,10,10,matched,15857,15861,4
4,10,10,unmatched_candidate,,15721,
4,10,10,unmatched_candidate,,15818,
4,10,10,unmatched_candidate,,16043,
4,10,10,unmatched_candidate,,16062,
4,10,10,unmatched_candidate,,16126,
5,5,5,matched,16723,16723,0
5,5,5,matched,16622,16621,-1
5,5,5,matched,16762,16763,1
5,5,5,matched,16688,16686,-2
5,5,5,matched,16506,16509,3
5,5,5,matched,16580,16583,3
5,5,5,matched,16652,16649,-3
5,5,5,unmatched_gt,16591,,
5,5,5,unmatched_gt,16605,,
5,5,5,unmatched_gt,16789,,
5,5,5,unmatched_candidate,,16574,
5,5,5,unmatched_candidate,,16781,
5,5,5,unmatched_candidate,,16812,
5,5,5,unmatched_candidate,,16829,
5,10,10,matched,16723,16723,0
5,10,10,matched,16622,16621,-1
5,10,10,matched,16762,16763,1
5,10,10,matched,16688,16686,-2
5,10,10,matched,16506,16509,3
5,10,10,matched,16580,16583,3
5,10,10,matched,16652,16649,-3
5,10,10,matched,16789,16781,-8
5,10,10,unmatched_gt,16591,,
5,10,10,unmatched_gt,16605,,
5,10,10,unmatched_candidate,,16574,
5,10,10,unmatched_candidate,,16812,
5,10,10,unmatched_candidate,,16829,
6,5,5,matched,17296,17296,0
6,5,5,matched,17410,17410,0
6,5,5,matched,17436,17435,-1
6,5,5,matched,17519,17518,-1
6,5,5,matched,17382,17378,-4
6,5,5,unmatched_gt,17359,,
6,5,5,unmatched_gt,17469,,
6,5,5,unmatched_candidate,,17265,
6,5,5,unmatched_candidate,,17462,
6,5,5,unmatched_candidate,,17550,
6,5,5,unmatched_candidate,,17582,
6,10,10,matched,17296,17296,0
6,10,10,matched,17410,17410,0
6,10,10,matched,17436,17435,-1
6,10,10,matched,17519,17518,-1
6,10,10,matched,17382,17378,-4
6,10,10,matched,17469,17462,-7
6,10,10,unmatched_gt,17359,,
6,10,10,unmatched_candidate,,17265,
6,10,10,unmatched_candidate,,17550,
6,10,10,unmatched_candidate,,17582,
7,5,5,matched,18354,18353,-1
7,5,5,matched,18443,18442,-1
7,5,5,matched,18472,18471,-1
7,5,5,matched,18517,18514,-3
7,5,5,matched,18546,18542,-4
7,5,5,unmatched_gt,18419,,
7,5,5,unmatched_gt,18491,,
7,5,5,unmatched_candidate,,18558,
7,10,10,matched,18354,18353,-1
7,10,10,matched,18443,18442,-1
7,10,10,matched,18472,18471,-1
7,10,10,matched,18517,18514,-3
7,10,10,matched,18546,18542,-4
7,10,10,unmatched_gt,18419,,
7,10,10,unmatched_gt,18491,,
7,10,10,unmatched_candidate,,18558,
8,5,5,matched,18991,18989,-2
8,5,5,matched,19051,19049,-2
8,5,5,matched,19021,19024,3
8,5,5,matched,19083,19079,-4
8,5,5,matched,18966,18961,-5
8,5,5,unmatched_candidate,,19089,
8,5,5,unmatched_candidate,,19134,
8,10,10,matched,18991,18989,-2
8,10,10,matched,19051,19049,-2
8,10,10,matched,19021,19024,3
8,10,10,matched,19083,19079,-4
8,10,10,matched,18966,18961,-5
8,10,10,unmatched_candidate,,19089,
8,10,10,unmatched_candidate,,19134,
9,5,5,matched,19785,19785,0
9,5,5,matched,19886,19886,0
9,5,5,matched,19547,19546,-1
9,5,5,matched,19646,19645,-1
9,5,5,matched,19939,19938,-1
9,5,5,matched,19803,19801,-2
9,5,5,matched,19698,19695,-3
9,5,5,matched,19730,19727,-3
9,5,5,matched,19760,19757,-3
9,5,5,matched,19830,19827,-3
9,5,5,matched,19863,19866,3
9,5,5,matched,19675,19670,-5
9,5,5,unmatched_gt,19614,,
9,5,5,unmatched_gt,19915,,
9,5,5,unmatched_candidate,,19518,
9,5,5,unmatched_candidate,,19607,
9,5,5,unmatched_candidate,,19907,
9,5,5,unmatched_candidate,,19968,
9,5,5,unmatched_candidate,,19977,
9,5,5,unmatched_candidate,,19990,
9,5,5,unmatched_candidate,,20014,
9,10,10,matched,19785,19785,0
9,10,10,matched,19886,19886,0
9,10,10,matched,19547,19546,-1
9,10,10,matched,19646,19645,-1
9,10,10,matched,19939,19938,-1
9,10,10,matched,19803,19801,-2
9,10,10,matched,19698,19695,-3
9,10,10,matched,19730,19727,-3
9,10,10,matched,19760,19757,-3
9,10,10,matched,19830,19827,-3
9,10,10,matched,19863,19866,3
9,10,10,matched,19675,19670,-5
9,10,10,matched,19614,19607,-7
9,10,10,matched,19915,19907,-8
9,10,10,unmatched_candidate,,19518,
9,10,10,unmatched_candidate,,19968,
9,10,10,unmatched_candidate,,19977,
9,10,10,unmatched_candidate,,19990,
9,10,10,unmatched_candidate,,20014,
10,5,5,unmatched_gt,21146,,
10,5,5,unmatched_gt,21214,,
10,5,5,unmatched_gt,21230,,
10,5,5,unmatched_gt,21258,,
10,5,5,unmatched_gt,21283,,
10,5,5,unmatched_gt,21318,,
10,5,5,unmatched_gt,21339,,
10,10,10,unmatched_gt,21146,,
10,10,10,unmatched_gt,21214,,
10,10,10,unmatched_gt,21230,,
10,10,10,unmatched_gt,21258,,
10,10,10,unmatched_gt,21283,,
10,10,10,unmatched_gt,21318,,
10,10,10,unmatched_gt,21339,,
11,5,5,unmatched_gt,21990,,
11,5,5,unmatched_gt,22222,,
11,5,5,unmatched_gt,22276,,
11,5,5,unmatched_gt,22306,,
11,5,5,unmatched_gt,22351,,
11,5,5,unmatched_gt,22374,,
11,5,5,unmatched_gt,22401,,
11,5,5,unmatched_gt,22437,,
11,5,5,unmatched_gt,22453,,
11,5,5,unmatched_gt,22477,,
11,5,5,unmatched_gt,22505,,
11,5,5,unmatched_gt,22521,,
11,5,5,unmatched_gt,22538,,
11,5,5,unmatched_gt,22573,,
11,10,10,unmatched_gt,21990,,
11,10,10,unmatched_gt,22222,,
11,10,10,unmatched_gt,22276,,
11,10,10,unmatched_gt,22306,,
11,10,10,unmatched_gt,22351,,
11,10,10,unmatched_gt,22374,,
11,10,10,unmatched_gt,22401,,
11,10,10,unmatched_gt,22437,,
11,10,10,unmatched_gt,22453,,
11,10,10,unmatched_gt,22477,,
11,10,10,unmatched_gt,22505,,
11,10,10,unmatched_gt,22521,,
11,10,10,unmatched_gt,22538,,
11,10,10,unmatched_gt,22573,,
12,5,5,matched,23182,23182,0
12,5,5,matched,23452,23452,0
12,5,5,matched,23205,23206,1
12,5,5,matched,23336,23335,-1
12,5,5,matched,23504,23503,-1
12,5,5,matched,23226,23224,-2
12,5,5,matched,23253,23251,-2
12,5,5,matched,23290,23288,-2
12,5,5,matched,23412,23410,-2
12,5,5,matched,23535,23533,-2
12,5,5,matched,23579,23581,2
12,5,5,matched,23311,23308,-3
12,5,5,matched,23383,23380,-3
12,5,5,matched,23551,23548,-3
12,5,5,matched,23363,23358,-5
12,5,5,matched,23474,23469,-5
12,5,5,unmatched_gt,23168,,
12,5,5,unmatched_gt,23610,,
12,5,5,unmatched_candidate,,23649,
12,10,10,matched,23182,23182,0
12,10,10,matched,23452,23452,0
12,10,10,matched,23205,23206,1
12,10,10,matched,23336,23335,-1
12,10,10,matched,23504,23503,-1
12,10,10,matched,23226,23224,-2
12,10,10,matched,23253,23251,-2
12,10,10,matched,23290,23288,-2
12,10,10,matched,23412,23410,-2
12,10,10,matched,23535,23533,-2
12,10,10,matched,23579,23581,2
12,10,10,matched,23311,23308,-3
12,10,10,matched,23383,23380,-3
12,10,10,matched,23551,23548,-3
12,10,10,matched,23363,23358,-5
12,10,10,matched,23474,23469,-5
12,10,10,unmatched_gt,23168,,
12,10,10,unmatched_gt,23610,,
12,10,10,unmatched_candidate,,23649,
13,5,5,unmatched_gt,24302,,
13,5,5,unmatched_gt,24329,,
13,10,10,unmatched_gt,24302,,
13,10,10,unmatched_gt,24329,,
14,5,5,unmatched_gt,24875,,
14,5,5,unmatched_gt,24898,,
14,5,5,unmatched_gt,24929,,
14,10,10,unmatched_gt,24875,,
14,10,10,unmatched_gt,24898,,
14,10,10,unmatched_gt,24929,,
15,5,5,unmatched_gt,25486,,
15,5,5,unmatched_gt,25583,,
15,5,5,unmatched_gt,25634,,
15,5,5,unmatched_gt,25676,,
15,10,10,unmatched_gt,25486,,
15,10,10,unmatched_gt,25583,,
15,10,10,unmatched_gt,25634,,
15,10,10,unmatched_gt,25676,,
16,5,5,matched,26915,26915,0
16,5,5,matched,26688,26687,-1
16,5,5,matched,26766,26765,-1
16,5,5,matched,26794,26793,-1
16,5,5,matched,26829,26828,-1
16,5,5,matched,26752,26754,2
16,5,5,matched,26889,26885,-4
16,5,5,unmatched_gt,26860,,
16,5,5,unmatched_candidate,,26641,
16,5,5,unmatched_candidate,,26657,
16,5,5,unmatched_candidate,,26947,
16,5,5,unmatched_candidate,,26958,
16,5,5,unmatched_candidate,,26974,
16,10,10,matched,26915,26915,0
16,10,10,matched,26688,26687,-1
16,10,10,matched,26766,26765,-1
16,10,10,matched,26794,26793,-1
16,10,10,matched,26829,26828,-1
16,10,10,matched,26752,26754,2
16,10,10,matched,26889,26885,-4
16,10,10,unmatched_gt,26860,,
16,10,10,unmatched_candidate,,26641,
16,10,10,unmatched_candidate,,26657,
16,10,10,unmatched_candidate,,26947,
16,10,10,unmatched_candidate,,26958,
16,10,10,unmatched_candidate,,26974,
17,5,5,unmatched_gt,27458,,
17,5,5,unmatched_gt,27563,,
17,5,5,unmatched_gt,27597,,
17,5,5,unmatched_gt,27612,,
17,5,5,unmatched_gt,27626,,
17,5,5,unmatched_gt,27650,,
17,5,5,unmatched_gt,27677,,
17,5,5,unmatched_gt,27712,,
17,5,5,unmatched_gt,27735,,
17,5,5,unmatched_gt,27766,,
17,5,5,unmatched_gt,27795,,
17,5,5,unmatched_gt,27836,,
17,5,5,unmatched_gt,27868,,
17,5,5,unmatched_gt,27883,,
17,10,10,unmatched_gt,27458,,
17,10,10,unmatched_gt,27563,,
17,10,10,unmatched_gt,27597,,
17,10,10,unmatched_gt,27612,,
17,10,10,unmatched_gt,27626,,
17,10,10,unmatched_gt,27650,,
17,10,10,unmatched_gt,27677,,
17,10,10,unmatched_gt,27712,,
17,10,10,unmatched_gt,27735,,
17,10,10,unmatched_gt,27766,,
17,10,10,unmatched_gt,27795,,
17,10,10,unmatched_gt,27836,,
17,10,10,unmatched_gt,27868,,
17,10,10,unmatched_gt,27883,,
18,5,5,matched,30568,30568,0
18,5,5,matched,30184,30183,-1
18,5,5,matched,30281,30280,-1
18,5,5,matched,30345,30344,-1
18,5,5,matched,30379,30378,-1
18,5,5,matched,30498,30497,-1
18,5,5,matched,30676,30675,-1
18,5,5,matched,30321,30324,3
18,5,5,matched,30472,30469,-3
18,5,5,matched,30536,30539,3
18,5,5,matched,30624,30621,-3
18,5,5,matched,30301,30305,4
18,5,5,matched,30597,30593,-4
18,5,5,matched,30246,30241,-5
18,5,5,matched,30442,30437,-5
18,5,5,unmatched_gt,30417,,
18,5,5,unmatched_candidate,,30161,
18,5,5,unmatched_candidate,,30267,
18,5,5,unmatched_candidate,,30289,
18,5,5,unmatched_candidate,,30577,
18,5,5,unmatched_candidate,,30696,
18,5,5,unmatched_candidate,,30734,
18,10,10,matched,30568,30568,0
18,10,10,matched,30184,30183,-1
18,10,10,matched,30281,30280,-1
18,10,10,matched,30345,30344,-1
18,10,10,matched,30379,30378,-1
18,10,10,matched,30498,30497,-1
18,10,10,matched,30676,30675,-1
18,10,10,matched,30321,30324,3
18,10,10,matched,30472,30469,-3
18,10,10,matched,30536,30539,3
18,10,10,matched,30624,30621,-3
18,10,10,matched,30301,30305,4
18,10,10,matched,30597,30593,-4
18,10,10,matched,30246,30241,-5
18,10,10,matched,30442,30437,-5
18,10,10,unmatched_gt,30417,,
18,10,10,unmatched_candidate,,30161,
18,10,10,unmatched_candidate,,30267,
18,10,10,unmatched_candidate,,30289,
18,10,10,unmatched_candidate,,30577,
18,10,10,unmatched_candidate,,30696,
18,10,10,unmatched_candidate,,30734,
19,5,5,unmatched_gt,31431,,
19,5,5,unmatched_gt,31471,,
19,10,10,unmatched_gt,31431,,
19,10,10,unmatched_gt,31471,,
20,5,5,unmatched_gt,31893,,
20,5,5,unmatched_gt,31977,,
20,5,5,unmatched_gt,32043,,
20,5,5,unmatched_gt,32063,,
20,5,5,unmatched_gt,32072,,
20,5,5,unmatched_gt,32095,,
20,5,5,unmatched_gt,32101,,
20,5,5,unmatched_gt,32120,,
20,5,5,unmatched_gt,32147,,
20,5,5,unmatched_gt,32174,,
20,10,10,unmatched_gt,31893,,
20,10,10,unmatched_gt,31977,,
20,10,10,unmatched_gt,32043,,
20,10,10,unmatched_gt,32063,,
20,10,10,unmatched_gt,32072,,
20,10,10,unmatched_gt,32095,,
20,10,10,unmatched_gt,32101,,
20,10,10,unmatched_gt,32120,,
20,10,10,unmatched_gt,32147,,
20,10,10,unmatched_gt,32174,,
21,5,5,matched,32968,32968,0
21,5,5,matched,32908,32910,2
21,5,5,matched,32942,32939,-3
21,5,5,unmatched_candidate,,32865,
21,5,5,unmatched_candidate,,33011,
21,5,5,unmatched_candidate,,33037,
21,5,5,unmatched_candidate,,33046,
21,5,5,unmatched_candidate,,33085,
21,5,5,unmatched_candidate,,33118,
21,5,5,unmatched_candidate,,33376,
21,5,5,unmatched_candidate,,33393,
21,5,5,unmatched_candidate,,33441,
21,5,5,unmatched_candidate,,33469,
21,5,5,unmatched_candidate,,33497,
21,5,5,unmatched_candidate,,33544,
21,5,5,unmatched_candidate,,33586,
21,5,5,unmatched_candidate,,33638,
21,5,5,unmatched_candidate,,33662,
21,5,5,unmatched_candidate,,33691,
21,5,5,unmatched_candidate,,33761,
21,5,5,unmatched_candidate,,33790,
21,5,5,unmatched_candidate,,33813,
21,5,5,unmatched_candidate,,33830,
21,5,5,unmatched_candidate,,33862,
21,10,10,matched,32968,32968,0
21,10,10,matched,32908,32910,2
21,10,10,matched,32942,32939,-3
21,10,10,unmatched_candidate,,32865,
21,10,10,unmatched_candidate,,33011,
21,10,10,unmatched_candidate,,33037,
21,10,10,unmatched_candidate,,33046,
21,10,10,unmatched_candidate,,33085,
21,10,10,unmatched_candidate,,33118,
21,10,10,unmatched_candidate,,33376,
21,10,10,unmatched_candidate,,33393,
21,10,10,unmatched_candidate,,33441,
21,10,10,unmatched_candidate,,33469,
21,10,10,unmatched_candidate,,33497,
21,10,10,unmatched_candidate,,33544,
21,10,10,unmatched_candidate,,33586,
21,10,10,unmatched_candidate,,33638,
21,10,10,unmatched_candidate,,33662,
21,10,10,unmatched_candidate,,33691,
21,10,10,unmatched_candidate,,33761,
21,10,10,unmatched_candidate,,33790,
21,10,10,unmatched_candidate,,33813,
21,10,10,unmatched_candidate,,33830,
21,10,10,unmatched_candidate,,33862,
22,5,5,matched,33762,33761,-1
22,5,5,matched,33831,33830,-1
22,5,5,matched,33471,33469,-2
22,5,5,matched,33792,33790,-2
22,5,5,matched,33500,33497,-3
22,5,5,matched,33547,33544,-3
22,5,5,matched,33694,33691,-3
22,5,5,matched,33590,33586,-4
22,5,5,matched,33446,33441,-5
22,5,5,unmatched_gt,33565,,
22,5,5,unmatched_gt,33625,,
22,5,5,unmatched_gt,33644,,
22,5,5,unmatched_gt,33668,,
22,5,5,unmatched_gt,33735,,
22,5,5,unmatched_candidate,,32865,
22,5,5,unmatched_candidate,,32910,
22,5,5,unmatched_candidate,,32939,
22,5,5,unmatched_candidate,,32968,
22,5,5,unmatched_candidate,,33011,
22,5,5,unmatched_candidate,,33037,
22,5,5,unmatched_candidate,,33046,
22,5,5,unmatched_candidate,,33085,
22,5,5,unmatched_candidate,,33118,
22,5,5,unmatched_candidate,,33376,
22,5,5,unmatched_candidate,,33393,
22,5,5,unmatched_candidate,,33638,
22,5,5,unmatched_candidate,,33662,
22,5,5,unmatched_candidate,,33813,
22,5,5,unmatched_candidate,,33862,
22,10,10,matched,33762,33761,-1
22,10,10,matched,33831,33830,-1
22,10,10,matched,33471,33469,-2
22,10,10,matched,33792,33790,-2
22,10,10,matched,33500,33497,-3
22,10,10,matched,33547,33544,-3
22,10,10,matched,33694,33691,-3
22,10,10,matched,33590,33586,-4
22,10,10,matched,33446,33441,-5
22,10,10,matched,33644,33638,-6
22,10,10,matched,33668,33662,-6
22,10,10,unmatched_gt,33565,,
22,10,10,unmatched_gt,33625,,
22,10,10,unmatched_gt,33735,,
22,10,10,unmatched_candidate,,32865,
22,10,10,unmatched_candidate,,32910,
22,10,10,unmatched_candidate,,32939,
22,10,10,unmatched_candidate,,32968,
22,10,10,unmatched_candidate,,33011,
22,10,10,unmatched_candidate,,33037,
22,10,10,unmatched_candidate,,33046,
22,10,10,unmatched_candidate,,33085,
22,10,10,unmatched_candidate,,33118,
22,10,10,unmatched_candidate,,33376,
22,10,10,unmatched_candidate,,33393,
22,10,10,unmatched_candidate,,33813,
22,10,10,unmatched_candidate,,33862,
23,5,5,matched,34442,34441,-1
23,5,5,matched,35012,35013,1
23,5,5,matched,35039,35038,-1
23,5,5,matched,35090,35089,-1
23,5,5,matched,35139,35138,-1
23,5,5,matched,34946,34948,2
23,5,5,matched,34981,34979,-2
23,5,5,matched,35174,35172,-2
23,5,5,unmatched_gt,34897,,
23,5,5,unmatched_gt,35068,,
23,5,5,unmatched_candidate,,34456,
23,5,5,unmatched_candidate,,34482,
23,5,5,unmatched_candidate,,34493,
23,5,5,unmatched_candidate,,34508,
23,5,5,unmatched_candidate,,34546,
23,5,5,unmatched_candidate,,34573,
23,5,5,unmatched_candidate,,34592,
23,5,5,unmatched_candidate,,34624,
23,5,5,unmatched_candidate,,34659,
23,5,5,unmatched_candidate,,34727,
23,5,5,unmatched_candidate,,34774,
23,5,5,unmatched_candidate,,34802,
23,5,5,unmatched_candidate,,34829,
23,5,5,unmatched_candidate,,34857,
23,5,5,unmatched_candidate,,34911,
23,5,5,unmatched_candidate,,35217,
23,5,5,unmatched_candidate,,35262,
23,10,10,matched,34442,34441,-1
23,10,10,matched,35012,35013,1
23,10,10,matched,35039,35038,-1
23,10,10,matched,35090,35089,-1
23,10,10,matched,35139,35138,-1
23,10,10,matched,34946,34948,2
23,10,10,matched,34981,34979,-2
23,10,10,matched,35174,35172,-2
23,10,10,unmatched_gt,34897,,
23,10,10,unmatched_gt,35068,,
23,10,10,unmatched_candidate,,34456,
23,10,10,unmatched_candidate,,34482,
23,10,10,unmatched_candidate,,34493,
23,10,10,unmatched_candidate,,34508,
23,10,10,unmatched_candidate,,34546,
23,10,10,unmatched_candidate,,34573,
23,10,10,unmatched_candidate,,34592,
23,10,10,unmatched_candidate,,34624,
23,10,10,unmatched_candidate,,34659,
23,10,10,unmatched_candidate,,34727,
23,10,10,unmatched_candidate,,34774,
23,10,10,unmatched_candidate,,34802,
23,10,10,unmatched_candidate,,34829,
23,10,10,unmatched_candidate,,34857,
23,10,10,unmatched_candidate,,34911,
23,10,10,unmatched_candidate,,35217,
23,10,10,unmatched_candidate,,35262,
24,5,5,matched,37622,37622,0
24,5,5,matched,37701,37701,0
24,5,5,matched,37547,37546,-1
24,5,5,matched,37519,37521,2
24,5,5,matched,37736,37734,-2
24,5,5,matched,37766,37764,-2
24,5,5,matched,37578,37575,-3
24,5,5,matched,37595,37592,-3
24,5,5,matched,37823,37820,-3
24,5,5,matched,37655,37651,-4
24,5,5,matched,37681,37677,-4
24,5,5,unmatched_gt,37793,,
24,5,5,unmatched_candidate,,37809,
24,5,5,unmatched_candidate,,37853,
24,10,10,matched,37622,37622,0
24,10,10,matched,37701,37701,0
24,10,10,matched,37547,37546,-1
24,10,10,matched,37519,37521,2
24,10,10,matched,37736,37734,-2
24,10,10,matched,37766,37764,-2
24,10,10,matched,37578,37575,-3
24,10,10,matched,37595,37592,-3
24,10,10,matched,37823,37820,-3
24,10,10,matched,37655,37651,-4
24,10,10,matched,37681,37677,-4
24,10,10,unmatched_gt,37793,,
24,10,10,unmatched_candidate,,37809,
24,10,10,unmatched_candidate,,37853,
25,5,5,matched,38468,38468,0
25,5,5,matched,38538,38538,0
25,5,5,matched,38412,38411,-1
25,5,5,matched,38612,38613,1
25,5,5,matched,38628,38627,-1
25,5,5,matched,38512,38510,-2
25,5,5,matched,38575,38573,-2
25,5,5,matched,38595,38591,-4
25,5,5,matched,38440,38435,-5
25,5,5,matched,38556,38551,-5
25,5,5,unmatched_gt,38393,,
25,5,5,unmatched_gt,38491,,
25,5,5,unmatched_candidate,,38387,
25,5,5,unmatched_candidate,,38658,
25,5,5,unmatched_candidate,,38680,
25,5,5,unmatched_candidate,,38706,
25,10,10,matched,38468,38468,0
25,10,10,matched,38538,38538,0
25,10,10,matched,38412,38411,-1
25,10,10,matched,38612,38613,1
25,10,10,matched,38628,38627,-1
25,10,10,matched,38512,38510,-2
25,10,10,matched,38575,38573,-2
25,10,10,matched,38595,38591,-4
25,10,10,matched,38440,38435,-5
25,10,10,matched,38556,38551,-5
25,10,10,matched,38393,38387,-6
25,10,10,unmatched_gt,38491,,
25,10,10,unmatched_candidate,,38658,
25,10,10,unmatched_candidate,,38680,
25,10,10,unmatched_candidate,,38706,
26,5,5,matched,39531,39530,-1
26,5,5,matched,39505,39503,-2
26,5,5,matched,39558,39556,-2
26,5,5,matched,39476,39473,-3
26,5,5,matched,39619,39616,-3
26,5,5,matched,39660,39657,-3
26,5,5,matched,39677,39674,-3
26,5,5,matched,39586,39581,-5
26,5,5,unmatched_candidate,,39721,
26,10,10,matched,39531,39530,-1
26,10,10,matched,39505,39503,-2
26,10,10,matched,39558,39556,-2
26,10,10,matched,39476,39473,-3
26,10,10,matched,39619,39616,-3
26,10,10,matched,39660,39657,-3
26,10,10,matched,39677,39674,-3
26,10,10,matched,39586,39581,-5
26,10,10,unmatched_candidate,,39721,
27,5,5,unmatched_gt,40231,,
27,5,5,unmatched_gt,40304,,
27,5,5,unmatched_gt,40325,,
27,10,10,unmatched_gt,40231,,
27,10,10,unmatched_gt,40304,,
27,10,10,unmatched_gt,40325,,
28,5,5,unmatched_gt,40970,,
28,5,5,unmatched_gt,41098,,
28,5,5,unmatched_gt,41159,,
28,5,5,unmatched_gt,41183,,
28,10,10,unmatched_gt,40970,,
28,10,10,unmatched_gt,41098,,
28,10,10,unmatched_gt,41159,,
28,10,10,unmatched_gt,41183,,
29,5,5,unmatched_gt,41821,,
29,5,5,unmatched_gt,41822,,
29,5,5,unmatched_gt,41872,,
29,5,5,unmatched_gt,41895,,
29,5,5,unmatched_gt,41917,,
29,5,5,unmatched_gt,41943,,
29,5,5,unmatched_gt,41969,,
29,5,5,unmatched_gt,42014,,
29,5,5,unmatched_gt,42045,,
29,5,5,unmatched_gt,42075,,
29,5,5,unmatched_gt,42103,,
29,5,5,unmatched_gt,42153,,
29,5,5,unmatched_gt,42180,,
29,5,5,unmatched_gt,42219,,
29,5,5,unmatched_gt,42253,,
29,5,5,unmatched_gt,42296,,
29,5,5,unmatched_gt,42318,,
29,10,10,unmatched_gt,41821,,
29,10,10,unmatched_gt,41822,,
29,10,10,unmatched_gt,41872,,
29,10,10,unmatched_gt,41895,,
29,10,10,unmatched_gt,41917,,
29,10,10,unmatched_gt,41943,,
29,10,10,unmatched_gt,41969,,
29,10,10,unmatched_gt,42014,,
29,10,10,unmatched_gt,42045,,
29,10,10,unmatched_gt,42075,,
29,10,10,unmatched_gt,42103,,
29,10,10,unmatched_gt,42153,,
29,10,10,unmatched_gt,42180,,
29,10,10,unmatched_gt,42219,,
29,10,10,unmatched_gt,42253,,
29,10,10,unmatched_gt,42296,,
29,10,10,unmatched_gt,42318,,
30,5,5,matched,43079,43078,-1
30,5,5,matched,43167,43164,-3
30,5,5,matched,43195,43192,-3
30,5,5,matched,43142,43146,4
30,5,5,unmatched_gt,43213,,
30,5,5,unmatched_candidate,,43041,
30,5,5,unmatched_candidate,,43207,
30,5,5,unmatched_candidate,,43237,
30,5,5,unmatched_candidate,,43265,
30,10,10,matched,43079,43078,-1
30,10,10,matched,43167,43164,-3
30,10,10,matched,43195,43192,-3
30,10,10,matched,43142,43146,4
30,10,10,matched,43213,43207,-6
30,10,10,unmatched_candidate,,43041,
30,10,10,unmatched_candidate,,43237,
30,10,10,unmatched_candidate,,43265,
31,5,5,unmatched_gt,44598,,
31,5,5,unmatched_gt,44669,,
31,5,5,unmatched_gt,44700,,
31,5,5,unmatched_gt,44715,,
31,5,5,unmatched_gt,44736,,
31,10,10,unmatched_gt,44598,,
31,10,10,unmatched_gt,44669,,
31,10,10,unmatched_gt,44700,,
31,10,10,unmatched_gt,44715,,
31,10,10,unmatched_gt,44736,,
32,5,5,matched,45401,45401,0
32,5,5,matched,45497,45497,0
32,5,5,matched,45625,45625,0
32,5,5,matched,45425,45424,-1
32,5,5,matched,45334,45332,-2
32,5,5,matched,45665,45667,2
32,5,5,matched,45271,45268,-3
32,5,5,matched,45377,45374,-3
32,5,5,matched,45464,45461,-3
32,5,5,matched,45547,45544,-3
32,5,5,matched,45297,45293,-4
32,5,5,matched,45564,45560,-4
32,5,5,matched,45593,45589,-4
32,5,5,matched,45653,45658,5
32,5,5,unmatched_gt,45243,,
32,5,5,unmatched_gt,45352,,
32,5,5,unmatched_gt,45521,,
32,5,5,unmatched_candidate,,44995,
32,5,5,unmatched_candidate,,45054,
32,5,5,unmatched_candidate,,45089,
32,5,5,unmatched_candidate,,45102,
32,5,5,unmatched_candidate,,45118,
32,5,5,unmatched_candidate,,45134,
32,5,5,unmatched_candidate,,45185,
32,5,5,unmatched_candidate,,45198,
32,5,5,unmatched_candidate,,45214,
32,5,5,unmatched_candidate,,45249,
32,5,5,unmatched_candidate,,45514,
32,5,5,unmatched_candidate,,45697,
32,5,5,unmatched_candidate,,45722,
32,5,5,unmatched_candidate,,45742,
32,5,5,unmatched_candidate,,45777,
32,10,10,matched,45401,45401,0
32,10,10,matched,45497,45497,0
32,10,10,matched,45625,45625,0
32,10,10,matched,45425,45424,-1
32,10,10,matched,45334,45332,-2
32,10,10,matched,45665,45667,2
32,10,10,matched,45271,45268,-3
32,10,10,matched,45377,45374,-3
32,10,10,matched,45464,45461,-3
32,10,10,matched,45547,45544,-3
32,10,10,matched,45297,45293,-4
32,10,10,matched,45564,45560,-4
32,10,10,matched,45593,45589,-4
32,10,10,matched,45653,45658,5
32,10,10,matched,45243,45249,6
32,10,10,matched,45521,45514,-7
32,10,10,unmatched_gt,45352,,
32,10,10,unmatched_candidate,,44995,
32,10,10,unmatched_candidate,,45054,
32,10,10,unmatched_candidate,,45089,
32,10,10,unmatched_candidate,,45102,
32,10,10,unmatched_candidate,,45118,
32,10,10,unmatched_candidate,,45134,
32,10,10,unmatched_candidate,,45185,
32,10,10,unmatched_candidate,,45198,
32,10,10,unmatched_candidate,,45214,
32,10,10,unmatched_candidate,,45697,
32,10,10,unmatched_candidate,,45722,
32,10,10,unmatched_candidate,,45742,
32,10,10,unmatched_candidate,,45777,
33,5,5,matched,46538,46539,1
33,5,5,matched,46554,46553,-1
33,5,5,matched,46648,46647,-1
33,5,5,matched,46506,46504,-2
33,5,5,matched,46478,46475,-3
33,5,5,matched,46417,46413,-4
33,5,5,matched,46590,46586,-4
33,5,5,matched,46617,46613,-4
33,5,5,unmatched_candidate,,46666,
33,5,5,unmatched_candidate,,46716,
33,10,10,matched,46538,46539,1
33,10,10,matched,46554,46553,-1
33,10,10,matched,46648,46647,-1
33,10,10,matched,46506,46504,-2
33,10,10,matched,46478,46475,-3
33,10,10,matched,46417,46413,-4
33,10,10,matched,46590,46586,-4
33,10,10,matched,46617,46613,-4
33,10,10,unmatched_candidate,,46666,
33,10,10,unmatched_candidate,,46716,
34,5,5,matched,47320,47320,0
34,5,5,matched,47438,47438,0
34,5,5,matched,47298,47297,-1
34,5,5,matched,47345,47344,-1
34,5,5,matched,47412,47411,-1
34,5,5,matched,47386,47384,-2
34,5,5,unmatched_candidate,,47486,
34,5,5,unmatched_candidate,,47502,
34,10,10,matched,47320,47320,0
34,10,10,matched,47438,47438,0
34,10,10,matched,47298,47297,-1
34,10,10,matched,47345,47344,-1
34,10,10,matched,47412,47411,-1
34,10,10,matched,47386,47384,-2
34,10,10,unmatched_candidate,,47486,
34,10,10,unmatched_candidate,,47502,
35,5,5,unmatched_gt,48186,,
35,5,5,unmatched_gt,48394,,
35,5,5,unmatched_candidate,,48206,
35,5,5,unmatched_candidate,,48265,
35,5,5,unmatched_candidate,,48296,
35,5,5,unmatched_candidate,,48346,
35,5,5,unmatched_candidate,,48385,
35,5,5,unmatched_candidate,,48410,
35,5,5,unmatched_candidate,,48446,
35,5,5,unmatched_candidate,,48465,
35,5,5,unmatched_candidate,,48494,
35,5,5,unmatched_candidate,,48513,
35,5,5,unmatched_candidate,,48542,
35,5,5,unmatched_candidate,,48578,
35,5,5,unmatched_candidate,,48606,
35,5,5,unmatched_candidate,,48657,
35,10,10,matched,48394,48385,-9
35,10,10,unmatched_gt,48186,,
35,10,10,unmatched_candidate,,48206,
35,10,10,unmatched_candidate,,48265,
35,10,10,unmatched_candidate,,48296,
35,10,10,unmatched_candidate,,48346,
35,10,10,unmatched_candidate,,48410,
35,10,10,unmatched_candidate,,48446,
35,10,10,unmatched_candidate,,48465,
35,10,10,unmatched_candidate,,48494,
35,10,10,unmatched_candidate,,48513,
35,10,10,unmatched_candidate,,48542,
35,10,10,unmatched_candidate,,48578,
35,10,10,unmatched_candidate,,48606,
35,10,10,unmatched_candidate,,48657,
36,5,5,matched,49850,49849,-1
36,5,5,matched,49893,49892,-1
36,5,5,matched,49958,49957,-1
36,5,5,unmatched_gt,49809,,
36,5,5,unmatched_gt,49826,,
36,5,5,unmatched_gt,49912,,
36,5,5,unmatched_gt,49929,,
36,5,5,unmatched_gt,49940,,
36,5,5,unmatched_candidate,,49835,
36,5,5,unmatched_candidate,,49923,
36,5,5,unmatched_candidate,,49985,
36,5,5,unmatched_candidate,,49999,
36,5,5,unmatched_candidate,,50046,
36,10,10,matched,49850,49849,-1
36,10,10,matched,49893,49892,-1
36,10,10,matched,49958,49957,-1
36,10,10,matched,49929,49923,-6
36,10,10,matched,49826,49835,9
36,10,10,unmatched_gt,49809,,
36,10,10,unmatched_gt,49912,,
36,10,10,unmatched_gt,49940,,
36,10,10,unmatched_candidate,,49985,
36,10,10,unmatched_candidate,,49999,
36,10,10,unmatched_candidate,,50046,
37,5,5,matched,50748,50746,-2
37,5,5,matched,50773,50770,-3
37,5,5,unmatched_gt,50529,,
37,5,5,unmatched_gt,50717,,
37,5,5,unmatched_candidate,,50545,
37,5,5,unmatched_candidate,,50573,
37,5,5,unmatched_candidate,,50613,
37,5,5,unmatched_candidate,,50626,
37,5,5,unmatched_candidate,,50652,
37,5,5,unmatched_candidate,,50690,
37,5,5,unmatched_candidate,,50732,
37,5,5,unmatched_candidate,,50808,
37,5,5,unmatched_candidate,,50819,
37,10,10,matched,50748,50746,-2
37,10,10,matched,50773,50770,-3
37,10,10,unmatched_gt,50529,,
37,10,10,unmatched_gt,50717,,
37,10,10,unmatched_candidate,,50545,
37,10,10,unmatched_candidate,,50573,
37,10,10,unmatched_candidate,,50613,
37,10,10,unmatched_candidate,,50626,
37,10,10,unmatched_candidate,,50652,
37,10,10,unmatched_candidate,,50690,
37,10,10,unmatched_candidate,,50732,
37,10,10,unmatched_candidate,,50808,
37,10,10,unmatched_candidate,,50819,
38,5,5,matched,51530,51529,-1
38,5,5,unmatched_gt,51483,,
38,5,5,unmatched_gt,51508,,
38,5,5,unmatched_candidate,,51358,
38,5,5,unmatched_candidate,,51375,
38,5,5,unmatched_candidate,,51474,
38,5,5,unmatched_candidate,,51569,
38,5,5,unmatched_candidate,,51582,
38,5,5,unmatched_candidate,,51598,
38,5,5,unmatched_candidate,,51649,
38,5,5,unmatched_candidate,,51662,
38,10,10,matched,51530,51529,-1
38,10,10,matched,51483,51474,-9
38,10,10,unmatched_gt,51508,,
38,10,10,unmatched_candidate,,51358,
38,10,10,unmatched_candidate,,51375,
38,10,10,unmatched_candidate,,51569,
38,10,10,unmatched_candidate,,51582,
38,10,10,unmatched_candidate,,51598,
38,10,10,unmatched_candidate,,51649,
38,10,10,unmatched_candidate,,51662,
39,5,5,matched,52142,52144,2
39,5,5,unmatched_gt,52248,,
39,5,5,unmatched_candidate,,52158,
39,5,5,unmatched_candidate,,52180,
39,5,5,unmatched_candidate,,52203,
39,5,5,unmatched_candidate,,52262,
39,5,5,unmatched_candidate,,52293,
39,5,5,unmatched_candidate,,52318,
39,10,10,matched,52142,52144,2
39,10,10,unmatched_gt,52248,,
39,10,10,unmatched_candidate,,52158,
39,10,10,unmatched_candidate,,52180,
39,10,10,unmatched_candidate,,52203,
39,10,10,unmatched_candidate,,52262,
39,10,10,unmatched_candidate,,52293,
39,10,10,unmatched_candidate,,52318,
40,5,5,matched,53614,53614,0
40,5,5,matched,53754,53754,0
40,5,5,matched,53382,53381,-1
40,5,5,matched,53528,53529,1
40,5,5,matched,53724,53723,-1
40,5,5,matched,53283,53281,-2
40,5,5,matched,53462,53464,2
40,5,5,matched,53566,53564,-2
40,5,5,matched,53583,53585,2
40,5,5,matched,53700,53698,-2
40,5,5,matched,53315,53312,-3
40,5,5,matched,53332,53329,-3
40,5,5,matched,53411,53408,-3
40,5,5,matched,53479,53476,-3
40,5,5,matched,53262,53257,-5
40,5,5,matched,53506,53501,-5
40,5,5,unmatched_gt,53363,,
40,5,5,unmatched_gt,53645,,
40,5,5,unmatched_gt,53680,,
40,5,5,unmatched_candidate,,53356,
40,5,5,unmatched_candidate,,53518,
40,5,5,unmatched_candidate,,53639,
40,5,5,unmatched_candidate,,53774,
40,5,5,unmatched_candidate,,53822,
40,10,10,matched,53614,53614,0
40,10,10,matched,53754,53754,0
40,10,10,matched,53382,53381,-1
40,10,10,matched,53528,53529,1
40,10,10,matched,53724,53723,-1
40,10,10,matched,53283,53281,-2
40,10,10,matched,53462,53464,2
40,10,10,matched,53566,53564,-2
40,10,10,matched,53583,53585,2
40,10,10,matched,53700,53698,-2
40,10,10,matched,53315,53312,-3
40,10,10,matched,53332,53329,-3
40,10,10,matched,53411,53408,-3
40,10,10,matched,53479,53476,-3
40,10,10,matched,53262,53257,-5
40,10,10,matched,53506,53501,-5
40,10,10,matched,53645,53639,-6
40,10,10,matched,53363,53356,-7
40,10,10,unmatched_gt,53680,,
40,10,10,unmatched_candidate,,53518,
40,10,10,unmatched_candidate,,53774,
40,10,10,unmatched_candidate,,53822,
41,5,5,matched,54464,54464,0
41,5,5,matched,54826,54826,0
41,5,5,matched,54851,54851,0
41,5,5,matched,55048,55048,0
41,5,5,matched,55157,55157,0
41,5,5,matched,55194,55194,0
41,5,5,matched,55213,55213,0
41,5,5,matched,55372,55372,0
41,5,5,matched,55430,55430,0
41,5,5,matched,54645,54644,-1
41,5,5,matched,54754,54753,-1
41,5,5,matched,55019,55018,-1
41,5,5,matched,55316,55315,-1
41,5,5,matched,55346,55347,1
41,5,5,matched,55544,55543,-1
41,5,5,matched,55631,55630,-1
41,5,5,matched,54528,54526,-2
41,5,5,matched,54564,54562,-2
41,5,5,matched,54696,54694,-2
41,5,5,matched,54792,54790,-2
41,5,5,matched,54894,54892,-2
41,5,5,matched,54957,54955,-2
41,5,5,matched,55248,55246,-2
41,5,5,matched,55295,55297,2
41,5,5,matched,55603,55601,-2
41,5,5,matched,54604,54601,-3
41,5,5,matched,54924,54921,-3
41,5,5,matched,55480,55477,-3
41,5,5,matched,54510,54506,-4
41,5,5,matched,55094,55090,-4
41,5,5,matched,55123,55119,-4
41,5,5,matched,55515,55511,-4
41,5,5,matched,55456,55451,-5
41,5,5,matched,55663,55658,-5
41,5,5,unmatched_gt,54440,,
41,5,5,unmatched_gt,54491,,
41,5,5,unmatched_gt,54543,,
41,5,5,unmatched_gt,54618,,
41,5,5,unmatched_gt,54666,,
41,5,5,unmatched_gt,54720,,
41,5,5,unmatched_gt,54982,,
41,5,5,unmatched_gt,55576,,
41,5,5,unmatched_candidate,,54535,
41,5,5,unmatched_candidate,,54741,
41,5,5,unmatched_candidate,,54879,
41,5,5,unmatched_candidate,,54988,
41,5,5,unmatched_candidate,,55467,
41,5,5,unmatched_candidate,,55614,
41,5,5,unmatched_candidate,,55678,
41,5,5,unmatched_candidate,,55761,
41,5,5,unmatched_candidate,,55781,
41,10,10,matched,54464,54464,0
41,10,10,matched,54826,54826,0
41,10,10,matched,54851,54851,0
41,10,10,matched,55048,55048,0
41,10,10,matched,55157,55157,0
41,10,10,matched,55194,55194,0
41,10,10,matched,55213,55213,0
41,10,10,matched,55372,55372,0
41,10,10,matched,55430,55430,0
41,10,10,matched,54645,54644,-1
41,10,10,matched,54754,54753,-1
41,10,10,matched,55019,55018,-1
41,10,10,matched,55316,55315,-1
41,10,10,matched,55346,55347,1
41,10,10,matched,55544,55543,-1
41,10,10,matched,55631,55630,-1
41,10,10,matched,54528,54526,-2
41,10,10,matched,54564,54562,-2
41,10,10,matched,54696,54694,-2
41,10,10,matched,54792,54790,-2
41,10,10,matched,54894,54892,-2
41,10,10,matched,54957,54955,-2
41,10,10,matched,55248,55246,-2
41,10,10,matched,55295,55297,2
41,10,10,matched,55603,55601,-2
41,10,10,matched,54604,54601,-3
41,10,10,matched,54924,54921,-3
41,10,10,matched,55480,55477,-3
41,10,10,matched,54510,54506,-4
41,10,10,matched,55094,55090,-4
41,10,10,matched,55123,55119,-4
41,10,10,matched,55515,55511,-4
41,10,10,matched,55456,55451,-5
41,10,10,matched,55663,55658,-5
41,10,10,matched,54982,54988,6
41,10,10,matched,54543,54535,-8
41,10,10,unmatched_gt,54440,,
41,10,10,unmatched_gt,54491,,
41,10,10,unmatched_gt,54618,,
41,10,10,unmatched_gt,54666,,
41,10,10,unmatched_gt,54720,,
41,10,10,unmatched_gt,55576,,
41,10,10,unmatched_candidate,,54741,
41,10,10,unmatched_candidate,,54879,
41,10,10,unmatched_candidate,,55467,
41,10,10,unmatched_candidate,,55614,
41,10,10,unmatched_candidate,,55678,
41,10,10,unmatched_candidate,,55761,
41,10,10,unmatched_candidate,,55781,
42,5,5,matched,60494,60494,0
42,5,5,matched,60352,60353,1
42,5,5,matched,60534,60533,-1
42,5,5,matched,60378,60376,-2
42,5,5,matched,60586,60588,2
42,5,5,matched,60403,60400,-3
42,5,5,matched,60560,60557,-3
42,5,5,matched,60613,60616,3
42,5,5,matched,60443,60439,-4
42,5,5,unmatched_gt,60427,,
42,5,5,unmatched_gt,60462,,
42,5,5,unmatched_candidate,,60065,
42,5,5,unmatched_candidate,,60483,
42,5,5,unmatched_candidate,,60672,
42,5,5,unmatched_candidate,,60686,
42,10,10,matched,60494,60494,0
42,10,10,matched,60352,60353,1
42,10,10,matched,60534,60533,-1
42,10,10,matched,60378,60376,-2
42,10,10,matched,60586,60588,2
42,10,10,matched,60403,60400,-3
42,10,10,matched,60560,60557,-3
42,10,10,matched,60613,60616,3
42,10,10,matched,60443,60439,-4
42,10,10,unmatched_gt,60427,,
42,10,10,unmatched_gt,60462,,
42,10,10,unmatched_candidate,,60065,
42,10,10,unmatched_candidate,,60483,
42,10,10,unmatched_candidate,,60672,
42,10,10,unmatched_candidate,,60686,
43,5,5,matched,61283,61282,-1
43,5,5,matched,61209,61207,-2
43,5,5,matched,61310,61312,2
43,5,5,matched,61382,61378,-4
43,5,5,matched,61350,61345,-5
43,5,5,unmatched_gt,61419,,
43,5,5,unmatched_candidate,,61264,
43,5,5,unmatched_candidate,,61302,
43,5,5,unmatched_candidate,,61412,
43,5,5,unmatched_candidate,,61481,
43,10,10,matched,61283,61282,-1
43,10,10,matched,61209,61207,-2
43,10,10,matched,61310,61312,2
43,10,10,matched,61382,61378,-4
43,10,10,matched,61350,61345,-5
43,10,10,matched,61419,61412,-7
43,10,10,unmatched_candidate,,61264,
43,10,10,unmatched_candidate,,61302,
43,10,10,unmatched_candidate,,61481,
44,5,5,matched,62214,62214,0
44,5,5,matched,62232,62237,5
44,5,5,matched,62264,62259,-5
44,5,5,matched,62318,62323,5
44,5,5,unmatched_gt,62333,,
44,5,5,unmatched_candidate,,62345,
44,5,5,unmatched_candidate,,62366,
44,5,5,unmatched_candidate,,62419,
44,10,10,matched,62214,62214,0
44,10,10,matched,62232,62237,5
44,10,10,matched,62264,62259,-5
44,10,10,matched,62318,62323,5
44,10,10,unmatched_gt,62333,,
44,10,10,unmatched_candidate,,62345,
44,10,10,unmatched_candidate,,62366,
44,10,10,unmatched_candidate,,62419,
45,5,5,matched,63272,63272,0
45,5,5,matched,63304,63304,0
45,5,5,unmatched_gt,63244,,
45,5,5,unmatched_candidate,,63233,
45,5,5,unmatched_candidate,,63334,
45,5,5,unmatched_candidate,,63361,
45,5,5,unmatched_candidate,,63377,
45,5,5,unmatched_candidate,,63390,
45,5,5,unmatched_candidate,,63406,
45,5,5,unmatched_candidate,,63422,
45,5,5,unmatched_candidate,,63457,
45,10,10,matched,63272,63272,0
45,10,10,matched,63304,63304,0
45,10,10,unmatched_gt,63244,,
45,10,10,unmatched_candidate,,63233,
45,10,10,unmatched_candidate,,63334,
45,10,10,unmatched_candidate,,63361,
45,10,10,unmatched_candidate,,63377,
45,10,10,unmatched_candidate,,63390,
45,10,10,unmatched_candidate,,63406,
45,10,10,unmatched_candidate,,63422,
45,10,10,unmatched_candidate,,63457,
46,5,5,unmatched_gt,63766,,
46,5,5,unmatched_gt,63875,,
46,5,5,unmatched_gt,63978,,
46,5,5,unmatched_gt,64001,,
46,5,5,unmatched_gt,64031,,
46,5,5,unmatched_gt,64059,,
46,10,10,unmatched_gt,63766,,
46,10,10,unmatched_gt,63875,,
46,10,10,unmatched_gt,63978,,
46,10,10,unmatched_gt,64001,,
46,10,10,unmatched_gt,64031,,
46,10,10,unmatched_gt,64059,,
47,5,5,unmatched_gt,64600,,
47,5,5,unmatched_gt,64639,,
47,5,5,unmatched_gt,64661,,
47,5,5,unmatched_gt,64679,,
47,5,5,unmatched_gt,64702,,
47,5,5,unmatched_gt,64736,,
47,5,5,unmatched_gt,64785,,
47,5,5,unmatched_gt,64800,,
47,10,10,unmatched_gt,64600,,
47,10,10,unmatched_gt,64639,,
47,10,10,unmatched_gt,64661,,
47,10,10,unmatched_gt,64679,,
47,10,10,unmatched_gt,64702,,
47,10,10,unmatched_gt,64736,,
47,10,10,unmatched_gt,64785,,
47,10,10,unmatched_gt,64800,,
48,5,5,matched,65443,65441,-2
48,5,5,matched,65524,65521,-3
48,5,5,matched,65507,65502,-5
48,5,5,unmatched_gt,65467,,
48,5,5,unmatched_candidate,,65457,
48,5,5,unmatched_candidate,,65550,
48,5,5,unmatched_candidate,,65566,
48,5,5,unmatched_candidate,,65630,
48,10,10,matched,65443,65441,-2
48,10,10,matched,65524,65521,-3
48,10,10,matched,65507,65502,-5
48,10,10,matched,65467,65457,-10
48,10,10,unmatched_candidate,,65550,
48,10,10,unmatched_candidate,,65566,
48,10,10,unmatched_candidate,,65630,
49,5,5,unmatched_gt,66268,,
49,5,5,unmatched_gt,66415,,
49,5,5,unmatched_gt,66444,,
49,10,10,unmatched_gt,66268,,
49,10,10,unmatched_gt,66415,,
49,10,10,unmatched_gt,66444,,
50,5,5,unmatched_gt,67123,,
50,5,5,unmatched_gt,67180,,
50,5,5,unmatched_gt,67200,,
50,5,5,unmatched_gt,67227,,
50,5,5,unmatched_gt,67259,,
50,5,5,unmatched_gt,67299,,
50,5,5,unmatched_gt,67321,,
50,5,5,unmatched_gt,67353,,
50,10,10,unmatched_gt,67123,,
50,10,10,unmatched_gt,67180,,
50,10,10,unmatched_gt,67200,,
50,10,10,unmatched_gt,67227,,
50,10,10,unmatched_gt,67259,,
50,10,10,unmatched_gt,67299,,
50,10,10,unmatched_gt,67321,,
50,10,10,unmatched_gt,67353,,
51,5,5,unmatched_gt,68019,,
51,5,5,unmatched_gt,68099,,
51,5,5,unmatched_gt,68128,,
51,5,5,unmatched_gt,68146,,
51,5,5,unmatched_gt,68175,,
51,5,5,unmatched_gt,68186,,
51,5,5,unmatched_gt,68210,,
51,5,5,unmatched_gt,68236,,
51,5,5,unmatched_gt,68299,,
51,5,5,unmatched_gt,68328,,
51,5,5,unmatched_gt,68351,,
51,10,10,unmatched_gt,68019,,
51,10,10,unmatched_gt,68099,,
51,10,10,unmatched_gt,68128,,
51,10,10,unmatched_gt,68146,,
51,10,10,unmatched_gt,68175,,
51,10,10,unmatched_gt,68186,,
51,10,10,unmatched_gt,68210,,
51,10,10,unmatched_gt,68236,,
51,10,10,unmatched_gt,68299,,
51,10,10,unmatched_gt,68328,,
51,10,10,unmatched_gt,68351,,
52,5,5,unmatched_gt,69747,,
52,5,5,unmatched_gt,70089,,
52,5,5,unmatched_gt,70129,,
52,5,5,unmatched_gt,70160,,
52,5,5,unmatched_gt,70218,,
52,5,5,unmatched_gt,70245,,
52,5,5,unmatched_gt,70261,,
52,5,5,unmatched_gt,70283,,
52,5,5,unmatched_gt,70315,,
52,5,5,unmatched_gt,70347,,
52,10,10,unmatched_gt,69747,,
52,10,10,unmatched_gt,70089,,
52,10,10,unmatched_gt,70129,,
52,10,10,unmatched_gt,70160,,
52,10,10,unmatched_gt,70218,,
52,10,10,unmatched_gt,70245,,
52,10,10,unmatched_gt,70261,,
52,10,10,unmatched_gt,70283,,
52,10,10,unmatched_gt,70315,,
52,10,10,unmatched_gt,70347,,
53,5,5,unmatched_gt,71006,,
53,5,5,unmatched_gt,71036,,
53,5,5,unmatched_gt,71063,,
53,5,5,unmatched_gt,71094,,
53,5,5,unmatched_gt,71119,,
53,5,5,unmatched_gt,71152,,
53,10,10,unmatched_gt,71006,,
53,10,10,unmatched_gt,71036,,
53,10,10,unmatched_gt,71063,,
53,10,10,unmatched_gt,71094,,
53,10,10,unmatched_gt,71119,,
53,10,10,unmatched_gt,71152,,
54,5,5,matched,72121,72120,-1
54,5,5,matched,71926,71928,2
54,5,5,matched,72022,72020,-2
54,5,5,matched,71957,71954,-3
54,5,5,matched,71971,71968,-3
54,5,5,unmatched_gt,71876,,
54,5,5,unmatched_gt,71995,,
54,5,5,unmatched_gt,72084,,
54,5,5,unmatched_gt,72104,,
54,5,5,unmatched_candidate,,71843,
54,5,5,unmatched_candidate,,71864,
54,5,5,unmatched_candidate,,72098,
54,5,5,unmatched_candidate,,72142,
54,5,5,unmatched_candidate,,72190,
54,10,10,matched,72121,72120,-1
54,10,10,matched,71926,71928,2
54,10,10,matched,72022,72020,-2
54,10,10,matched,71957,71954,-3
54,10,10,matched,71971,71968,-3
54,10,10,matched,72104,72098,-6
54,10,10,unmatched_gt,71876,,
54,10,10,unmatched_gt,71995,,
54,10,10,unmatched_gt,72084,,
54,10,10,unmatched_candidate,,71843,
54,10,10,unmatched_candidate,,71864,
54,10,10,unmatched_candidate,,72142,
54,10,10,unmatched_candidate,,72190,
55,5,5,unmatched_gt,72678,,
55,5,5,unmatched_gt,72701,,
55,5,5,unmatched_gt,72728,,
55,5,5,unmatched_gt,72748,,
55,10,10,unmatched_gt,72678,,
55,10,10,unmatched_gt,72701,,
55,10,10,unmatched_gt,72728,,
55,10,10,unmatched_gt,72748,,
56,5,5,unmatched_gt,73275,,
56,5,5,unmatched_gt,73381,,
56,5,5,unmatched_gt,73457,,
56,5,5,unmatched_gt,73489,,
56,5,5,unmatched_gt,73512,,
56,5,5,unmatched_gt,73534,,
56,5,5,unmatched_gt,73561,,
56,5,5,unmatched_gt,73609,,
56,5,5,unmatched_gt,73637,,
56,5,5,unmatched_gt,73678,,
56,5,5,unmatched_gt,73708,,
56,5,5,unmatched_gt,73743,,
56,5,5,unmatched_gt,73763,,
56,5,5,unmatched_gt,73794,,
56,5,5,unmatched_gt,73815,,
56,10,10,unmatched_gt,73275,,
56,10,10,unmatched_gt,73381,,
56,10,10,unmatched_gt,73457,,
56,10,10,unmatched_gt,73489,,
56,10,10,unmatched_gt,73512,,
56,10,10,unmatched_gt,73534,,
56,10,10,unmatched_gt,73561,,
56,10,10,unmatched_gt,73609,,
56,10,10,unmatched_gt,73637,,
56,10,10,unmatched_gt,73678,,
56,10,10,unmatched_gt,73708,,
56,10,10,unmatched_gt,73743,,
56,10,10,unmatched_gt,73763,,
56,10,10,unmatched_gt,73794,,
56,10,10,unmatched_gt,73815,,
57,5,5,unmatched_gt,74876,,
57,5,5,unmatched_gt,74958,,
57,5,5,unmatched_gt,74986,,
57,10,10,unmatched_gt,74876,,
57,10,10,unmatched_gt,74958,,
57,10,10,unmatched_gt,74986,,
58,5,5,matched,75718,75718,0
58,5,5,matched,75885,75885,0
58,5,5,matched,75781,75782,1
58,5,5,matched,75819,75817,-2
58,5,5,unmatched_gt,75856,,
58,5,5,unmatched_candidate,,75697,
58,5,5,unmatched_candidate,,75844,
58,5,5,unmatched_candidate,,75906,
58,5,5,unmatched_candidate,,75934,
58,5,5,unmatched_candidate,,75969,
58,10,10,matched,75718,75718,0
58,10,10,matched,75885,75885,0
58,10,10,matched,75781,75782,1
58,10,10,matched,75819,75817,-2
58,10,10,unmatched_gt,75856,,
58,10,10,unmatched_candidate,,75697,
58,10,10,unmatched_candidate,,75844,
58,10,10,unmatched_candidate,,75906,
58,10,10,unmatched_candidate,,75934,
58,10,10,unmatched_candidate,,75969,
59,5,5,unmatched_gt,76406,,
59,5,5,unmatched_gt,76510,,
59,5,5,unmatched_gt,76528,,
59,5,5,unmatched_gt,76543,,
59,5,5,unmatched_gt,76559,,
59,5,5,unmatched_gt,76570,,
59,10,10,unmatched_gt,76406,,
59,10,10,unmatched_gt,76510,,
59,10,10,unmatched_gt,76528,,
59,10,10,unmatched_gt,76543,,
59,10,10,unmatched_gt,76559,,
59,10,10,unmatched_gt,76570,,
60,5,5,matched,77678,77678,0
60,5,5,matched,77842,77842,0
60,5,5,matched,77872,77872,0
60,5,5,matched,77556,77555,-1
60,5,5,matched,77652,77651,-1
60,5,5,matched,77901,77902,1
60,5,5,matched,77517,77515,-2
60,5,5,matched,77599,77597,-2
60,5,5,matched,77624,77626,2
60,5,5,matched,77722,77720,-2
60,5,5,matched,77814,77812,-2
60,5,5,matched,77796,77793,-3
60,5,5,matched,77574,77570,-4
60,5,5,matched,77492,77487,-5
60,5,5,unmatched_gt,77465,,
60,5,5,unmatched_gt,77749,,
60,5,5,unmatched_gt,77931,,
60,5,5,unmatched_gt,77938,,
60,5,5,unmatched_candidate,,77456,
60,5,5,unmatched_candidate,,77737,
60,5,5,unmatched_candidate,,77925,
60,5,5,unmatched_candidate,,77952,
60,5,5,unmatched_candidate,,78001,
60,5,5,unmatched_candidate,,78017,
60,10,10,matched,77678,77678,0
60,10,10,matched,77842,77842,0
60,10,10,matched,77872,77872,0
60,10,10,matched,77556,77555,-1
60,10,10,matched,77652,77651,-1
60,10,10,matched,77901,77902,1
60,10,10,matched,77517,77515,-2
60,10,10,matched,77599,77597,-2
60,10,10,matched,77624,77626,2
60,10,10,matched,77722,77720,-2
60,10,10,matched,77814,77812,-2
60,10,10,matched,77796,77793,-3
60,10,10,matched,77574,77570,-4
60,10,10,matched,77492,77487,-5
60,10,10,matched,77931,77925,-6
60,10,10,matched,77465,77456,-9
60,10,10,unmatched_gt,77749,,
60,10,10,unmatched_gt,77938,,
60,10,10,unmatched_candidate,,77737,
60,10,10,unmatched_candidate,,77952,
60,10,10,unmatched_candidate,,78001,
60,10,10,unmatched_candidate,,78017,
61,5,5,matched,79470,79470,0
61,5,5,matched,79355,79356,1
61,5,5,matched,79419,79420,1
61,5,5,matched,79440,79441,1
61,5,5,matched,79530,79528,-2
61,5,5,matched,79614,79612,-2
61,5,5,matched,79515,79511,-4
61,5,5,matched,79560,79555,-5
61,5,5,matched,79587,79582,-5
61,5,5,unmatched_gt,79649,,
61,5,5,unmatched_candidate,,79265,
61,5,5,unmatched_candidate,,79643,
61,5,5,unmatched_candidate,,79681,
61,5,5,unmatched_candidate,,79713,
61,5,5,unmatched_candidate,,79729,
61,5,5,unmatched_candidate,,79742,
61,10,10,matched,79470,79470,0
61,10,10,matched,79355,79356,1
61,10,10,matched,79419,79420,1
61,10,10,matched,79440,79441,1
61,10,10,matched,79530,79528,-2
61,10,10,matched,79614,79612,-2
61,10,10,matched,79515,79511,-4
61,10,10,matched,79560,79555,-5
61,10,10,matched,79587,79582,-5
61,10,10,matched,79649,79643,-6
61,10,10,unmatched_candidate,,79265,
61,10,10,unmatched_candidate,,79681,
61,10,10,unmatched_candidate,,79713,
61,10,10,unmatched_candidate,,79729,
61,10,10,unmatched_candidate,,79742,
62,5,5,matched,80407,80407,0
62,5,5,matched,80459,80459,0
62,5,5,matched,80441,80440,-1
62,5,5,matched,80495,80497,2
62,5,5,matched,80614,80612,-2
62,5,5,matched,80588,80585,-3
62,5,5,matched,80522,80526,4
62,5,5,unmatched_gt,80377,,
62,5,5,unmatched_gt,80570,,
62,5,5,unmatched_candidate,,80177,
62,5,5,unmatched_candidate,,80352,
62,5,5,unmatched_candidate,,80670,
62,5,5,unmatched_candidate,,80686,
62,5,5,unmatched_candidate,,80702,
62,5,5,unmatched_candidate,,80721,
62,5,5,unmatched_candidate,,80737,
62,5,5,unmatched_candidate,,80750,
62,10,10,matched,80407,80407,0
62,10,10,matched,80459,80459,0
62,10,10,matched,80441,80440,-1
62,10,10,matched,80495,80497,2
62,10,10,matched,80614,80612,-2
62,10,10,matched,80588,80585,-3
62,10,10,matched,80522,80526,4
62,10,10,unmatched_gt,80377,,
62,10,10,unmatched_gt,80570,,
62,10,10,unmatched_candidate,,80177,
62,10,10,unmatched_candidate,,80352,
62,10,10,unmatched_candidate,,80670,
62,10,10,unmatched_candidate,,80686,
62,10,10,unmatched_candidate,,80702,
62,10,10,unmatched_candidate,,80721,
62,10,10,unmatched_candidate,,80737,
62,10,10,unmatched_candidate,,80750,
63,5,5,matched,82872,82873,1
63,5,5,matched,82935,82934,-1
63,5,5,matched,82847,82849,2
63,5,5,matched,82912,82910,-2
63,5,5,unmatched_gt,82952,,
63,5,5,unmatched_candidate,,82946,
63,5,5,unmatched_candidate,,82971,
63,5,5,unmatched_candidate,,83022,
63,10,10,matched,82872,82873,1
63,10,10,matched,82935,82934,-1
63,10,10,matched,82847,82849,2
63,10,10,matched,82912,82910,-2
63,10,10,matched,82952,82946,-6
63,10,10,unmatched_candidate,,82971,
63,10,10,unmatched_candidate,,83022,
64,5,5,matched,83701,83701,0
64,5,5,matched,83598,83597,-1
64,5,5,matched,83649,83648,-1
64,5,5,matched,83794,83795,1
64,5,5,matched,84029,84028,-1
64,5,5,matched,84055,84054,-1
64,5,5,matched,84162,84161,-1
64,5,5,matched,84197,84196,-1
64,5,5,matched,83535,83537,2
64,5,5,matched,83901,83899,-2
64,5,5,matched,83994,83996,2
64,5,5,matched,84096,84094,-2
64,5,5,matched,83634,83631,-3
64,5,5,matched,83733,83736,3
64,5,5,matched,83930,83927,-3
64,5,5,matched,84127,84124,-3
64,5,5,matched,83831,83827,-4
64,5,5,matched,83870,83874,4
64,5,5,matched,84216,84211,-5
64,5,5,unmatched_gt,83677,,
64,5,5,unmatched_gt,83971,,
64,5,5,unmatched_candidate,,84183,
64,5,5,unmatched_candidate,,84257,
64,10,10,matched,83701,83701,0
64,10,10,matched,83598,83597,-1
64,10,10,matched,83649,83648,-1
64,10,10,matched,83794,83795,1
64,10,10,matched,84029,84028,-1
64,10,10,matched,84055,84054,-1
64,10,10,matched,84162,84161,-1
64,10,10,matched,84197,84196,-1
64,10,10,matched,83535,83537,2
64,10,10,matched,83901,83899,-2
64,10,10,matched,83994,83996,2
64,10,10,matched,84096,84094,-2
64,10,10,matched,83634,83631,-3
64,10,10,matched,83733,83736,3
64,10,10,matched,83930,83927,-3
64,10,10,matched,84127,84124,-3
64,10,10,matched,83831,83827,-4
64,10,10,matched,83870,83874,4
64,10,10,matched,84216,84211,-5
64,10,10,unmatched_gt,83677,,
64,10,10,unmatched_gt,83971,,
64,10,10,unmatched_candidate,,84183,
64,10,10,unmatched_candidate,,84257,
65,5,5,matched,84880,84881,1
65,5,5,matched,84995,84997,2
65,5,5,matched,84944,84941,-3
65,5,5,matched,84972,84968,-4
65,5,5,unmatched_gt,84907,,
65,5,5,unmatched_candidate,,84894,
65,5,5,unmatched_candidate,,85062,
65,10,10,matched,84880,84881,1
65,10,10,matched,84995,84997,2
65,10,10,matched,84944,84941,-3
65,10,10,matched,84972,84968,-4
65,10,10,unmatched_gt,84907,,
65,10,10,unmatched_candidate,,84894,
65,10,10,unmatched_candidate,,85062,
66,5,5,matched,85843,85843,0
66,5,5,matched,85712,85711,-1
66,5,5,matched,85803,85802,-1
66,5,5,matched,85947,85948,1
66,5,5,matched,85644,85646,2
66,5,5,matched,85758,85756,-2
66,5,5,matched,85906,85904,-2
66,5,5,matched,85821,85818,-3
66,5,5,matched,85875,85878,3
66,5,5,matched,85921,85918,-3
66,5,5,unmatched_gt,85730,,
66,5,5,unmatched_candidate,,85982,
66,5,5,unmatched_candidate,,85998,
66,10,10,matched,85843,85843,0
66,10,10,matched,85712,85711,-1
66,10,10,matched,85803,85802,-1
66,10,10,matched,85947,85948,1
66,10,10,matched,85644,85646,2
66,10,10,matched,85758,85756,-2
66,10,10,matched,85906,85904,-2
66,10,10,matched,85821,85818,-3
66,10,10,matched,85875,85878,3
66,10,10,matched,85921,85918,-3
66,10,10,unmatched_gt,85730,,
66,10,10,unmatched_candidate,,85982,
66,10,10,unmatched_candidate,,85998,
67,5,5,unmatched_gt,86535,,
67,5,5,unmatched_gt,86552,,
67,5,5,unmatched_gt,86576,,
67,5,5,unmatched_gt,86615,,
67,5,5,unmatched_gt,86650,,
67,5,5,unmatched_gt,86675,,
67,5,5,unmatched_gt,86701,,
67,5,5,unmatched_gt,86731,,
67,5,5,unmatched_gt,86791,,
67,5,5,unmatched_gt,86820,,
67,10,10,unmatched_gt,86535,,
67,10,10,unmatched_gt,86552,,
67,10,10,unmatched_gt,86576,,
67,10,10,unmatched_gt,86615,,
67,10,10,unmatched_gt,86650,,
67,10,10,unmatched_gt,86675,,
67,10,10,unmatched_gt,86701,,
67,10,10,unmatched_gt,86731,,
67,10,10,unmatched_gt,86791,,
67,10,10,unmatched_gt,86820,,
68,5,5,unmatched_gt,87717,,
68,5,5,unmatched_gt,87738,,
68,5,5,unmatched_gt,87763,,
68,5,5,unmatched_gt,87791,,
68,5,5,unmatched_gt,87821,,
68,5,5,unmatched_gt,87847,,
68,5,5,unmatched_gt,87897,,
68,10,10,unmatched_gt,87717,,
68,10,10,unmatched_gt,87738,,
68,10,10,unmatched_gt,87763,,
68,10,10,unmatched_gt,87791,,
68,10,10,unmatched_gt,87821,,
68,10,10,unmatched_gt,87847,,
68,10,10,unmatched_gt,87897,,
69,5,5,matched,88709,88709,0
69,5,5,matched,88610,88609,-1
69,5,5,matched,88691,88690,-1
69,5,5,matched,88743,88742,-1
69,5,5,matched,88576,88578,2
69,5,5,matched,88656,88654,-2
69,5,5,matched,88771,88769,-2
69,5,5,matched,88824,88822,-2
69,5,5,matched,88796,88793,-3
69,5,5,matched,88628,88624,-4
69,5,5,matched,88924,88928,4
69,5,5,matched,88900,88895,-5
69,5,5,unmatched_gt,88554,,
69,5,5,unmatched_gt,88843,,
69,5,5,unmatched_gt,88863,,
69,5,5,unmatched_candidate,,88544,
69,5,5,unmatched_candidate,,88854,
69,5,5,unmatched_candidate,,88979,
69,5,5,unmatched_candidate,,88990,
69,5,5,unmatched_candidate,,89118,
69,10,10,matched,88709,88709,0
69,10,10,matched,88610,88609,-1
69,10,10,matched,88691,88690,-1
69,10,10,matched,88743,88742,-1
69,10,10,matched,88576,88578,2
69,10,10,matched,88656,88654,-2
69,10,10,matched,88771,88769,-2
69,10,10,matched,88824,88822,-2
69,10,10,matched,88796,88793,-3
69,10,10,matched,88628,88624,-4
69,10,10,matched,88924,88928,4
69,10,10,matched,88900,88895,-5
69,10,10,matched,88863,88854,-9
69,10,10,matched,88554,88544,-10
69,10,10,unmatched_gt,88843,,
69,10,10,unmatched_candidate,,88979,
69,10,10,unmatched_candidate,,88990,
69,10,10,unmatched_candidate,,89118,
70,5,5,matched,89704,89704,0
70,5,5,matched,89728,89728,0
70,5,5,matched,89778,89779,1
70,5,5,matched,89893,89894,1
70,5,5,matched,90002,90001,-1
70,5,5,matched,89672,89670,-2
70,5,5,matched,89814,89812,-2
70,5,5,matched,89844,89842,-2
70,5,5,matched,89863,89861,-2
70,5,5,matched,89965,89963,-2
70,5,5,matched,90058,90056,-2
70,5,5,matched,90118,90120,2
70,5,5,matched,89932,89929,-3
70,5,5,matched,90029,90026,-3
70,5,5,matched,89637,89633,-4
70,5,5,matched,89756,89752,-4
70,5,5,unmatched_candidate,,89761,
70,5,5,unmatched_candidate,,89874,
70,5,5,unmatched_candidate,,89988,
70,5,5,unmatched_candidate,,90158,
70,10,10,matched,89704,89704,0
70,10,10,matched,89728,89728,0
70,10,10,matched,89778,89779,1
70,10,10,matched,89893,89894,1
70,10,10,matched,90002,90001,-1
70,10,10,matched,89672,89670,-2
70,10,10,matched,89814,89812,-2
70,10,10,matched,89844,89842,-2
70,10,10,matched,89863,89861,-2
70,10,10,matched,89965,89963,-2
70,10,10,matched,90058,90056,-2
70,10,10,matched,90118,90120,2
70,10,10,matched,89932,89929,-3
70,10,10,matched,90029,90026,-3
70,10,10,matched,89637,89633,-4
70,10,10,matched,89756,89752,-4
70,10,10,unmatched_candidate,,89761,
70,10,10,unmatched_candidate,,89874,
70,10,10,unmatched_candidate,,89988,
70,10,10,unmatched_candidate,,90158,
71,5,5,matched,90834,90833,-1
71,5,5,matched,90917,90916,-1
71,5,5,matched,90858,90854,-4
71,5,5,matched,90888,90883,-5
71,5,5,unmatched_candidate,,90945,
71,5,5,unmatched_candidate,,90990,
71,10,10,matched,90834,90833,-1
71,10,10,matched,90917,90916,-1
71,10,10,matched,90858,90854,-4
71,10,10,matched,90888,90883,-5
71,10,10,unmatched_candidate,,90945,
71,10,10,unmatched_candidate,,90990,
72,5,5,unmatched_gt,91533,,
72,5,5,unmatched_gt,91551,,
72,5,5,unmatched_gt,91574,,
72,5,5,unmatched_gt,91606,,
72,10,10,unmatched_gt,91533,,
72,10,10,unmatched_gt,91551,,
72,10,10,unmatched_gt,91574,,
72,10,10,unmatched_gt,91606,,
73,5,5,matched,92374,92374,0
73,5,5,matched,92416,92416,0
73,5,5,matched,92465,92464,-1
73,5,5,matched,92334,92331,-3
73,5,5,matched,92435,92432,-3
73,5,5,matched,92492,92489,-3
73,5,5,matched,92302,92297,-5
73,5,5,matched,92350,92345,-5
73,5,5,unmatched_gt,92132,,
73,5,5,unmatched_gt,92238,,
73,5,5,unmatched_gt,92263,,
73,5,5,unmatched_gt,92277,,
73,5,5,unmatched_candidate,,91982,
73,5,5,unmatched_candidate,,92000,
73,5,5,unmatched_candidate,,92017,
73,5,5,unmatched_candidate,,92035,
73,5,5,unmatched_candidate,,92049,
73,5,5,unmatched_candidate,,92062,
73,5,5,unmatched_candidate,,92073,
73,5,5,unmatched_candidate,,92084,
73,5,5,unmatched_candidate,,92126,
73,5,5,unmatched_candidate,,92165,
73,5,5,unmatched_candidate,,92203,
73,5,5,unmatched_candidate,,92216,
73,5,5,unmatched_candidate,,92254,
73,5,5,unmatched_candidate,,92527,
73,5,5,unmatched_candidate,,92558,
73,10,10,matched,92374,92374,0
73,10,10,matched,92416,92416,0
73,10,10,matched,92465,92464,-1
73,10,10,matched,92334,92331,-3
73,10,10,matched,92435,92432,-3
73,10,10,matched,92492,92489,-3
73,10,10,matched,92302,92297,-5
73,10,10,matched,92350,92345,-5
73,10,10,matched,92132,92126,-6
73,10,10,matched,92263,92254,-9
73,10,10,unmatched_gt,92238,,
73,10,10,unmatched_gt,92277,,
73,10,10,unmatched_candidate,,91982,
73,10,10,unmatched_candidate,,92000,
73,10,10,unmatched_candidate,,92017,
73,10,10,unmatched_candidate,,92035,
73,10,10,unmatched_candidate,,92049,
73,10,10,unmatched_candidate,,92062,
73,10,10,unmatched_candidate,,92073,
73,10,10,unmatched_candidate,,92084,
73,10,10,unmatched_candidate,,92165,
73,10,10,unmatched_candidate,,92203,
73,10,10,unmatched_candidate,,92216,
73,10,10,unmatched_candidate,,92527,
73,10,10,unmatched_candidate,,92558,
74,5,5,matched,93142,93142,0
74,5,5,matched,93090,93089,-1
74,5,5,matched,93172,93169,-3
74,5,5,unmatched_gt,93114,,
74,5,5,unmatched_candidate,,92993,
74,5,5,unmatched_candidate,,93233,
74,5,5,unmatched_candidate,,93249,
74,5,5,unmatched_candidate,,93265,
74,5,5,unmatched_candidate,,93281,
74,5,5,unmatched_candidate,,93294,
74,10,10,matched,93142,93142,0
74,10,10,matched,93090,93089,-1
74,10,10,matched,93172,93169,-3
74,10,10,unmatched_gt,93114,,
74,10,10,unmatched_candidate,,92993,
74,10,10,unmatched_candidate,,93233,
74,10,10,unmatched_candidate,,93249,
74,10,10,unmatched_candidate,,93265,
74,10,10,unmatched_candidate,,93281,
74,10,10,unmatched_candidate,,93294,
