scene_index,start_frame,end_frame
0,0,723
1,723,3368
2,3368,3473
3,3473,3552
4,3552,3587
5,3587,3678
6,3678,3746
7,3746,3787
8,3787,3829
9,3829,3960
10,3960,3978
11,3978,4124
12,4124,4232
13,4232,4314
14,4314,4404
15,4404,9933
16,9933,10147
17,10147,10273
18,10273,10496
19,10496,11330
20,11330,11668
21,11668,11837
22,11837,11877
23,11877,12004
24,12004,12082
25,12082,12201
26,12201,12287
27,12287,12986
28,12986,13429
29,13429,13585
30,13585,13623
31,13623,14290
32,14290,14321
33,14321,14510
34,14510,14542
35,14542,14873
36,14873,14938
37,14938,15085
38,15085,15288
39,15288,15363
40,15363,15508
41,15508,15779
42,15779,15969
43,15969,16154
44,16154,16230
45,16230,16834
46,16834,17420
47,17420,17662
48,17662,17757
49,17757,17980
50,17980,18133
51,18133,18166
52,18166,19134
53,19134,19451
54,19451,19573
55,19573,20542
56,20542,20608
57,20608,20759
58,20759,20950
59,20950,21866
60,21866,21913
61,21913,22147
62,22147,22867
63,22867,23053
64,23053,23470
65,23470,23508
66,23508,23568
67,23568,23820
68,23820,24351
69,24351,24436
70,24436,24760
71,24760,24901
72,24901,24975
73,24975,26095
74,26095,27093
75,27093,27392
76,27392,27779
77,27779,27954
78,27954,28231
79,28231,28747
80,28747,29121
81,29121,29375
82,29375,29630
83,29630,29729
84,29729,31262
85,31262,31391
86,31391,31502
87,31502,31751
88,31751,31889
89,31889,32340
90,32340,32628
91,32628,32719
92,32719,32908
93,32908,33232
94,33232,33606
95,33606,34117
96,34117,34165
97,34165,34198
98,34198,34702
99,34702,34891
100,34891,35097
101,35097,35111
102,35111,35142
103,35142,35309
104,35309,35348
105,35348,35410
106,35410,35757
107,35757,36106
108,36106,36542
109,36542,37783
110,37783,38127
111,38127,38366
112,38366,38581
113,38581,39037
114,39037,39685
115,39685,39803
116,39803,39928
117,39928,39953
118,39953,40202
119,40202,40233
120,40233,40482
121,40482,40523
122,40523,41248
123,41248,41867
124,41867,41967
125,41967,42089
126,42089,42215
127,42215,42485
128,42485,43118
129,43118,43419
130,43419,43585
131,43585,43664
132,43664,43830
133,43830,44108
134,44108,44248
135,44248,44396
136,44396,44854
137,44854,45021
138,45021,48267
139,48267,48633
140,48633,48955
141,48955,49127
142,49127,49578
143,49578,49744
144,49744,49782
145,49782,49851
146,49851,49940
147,49940,50014
148,50014,50116
149,50116,50294
150,50294,50412
151,50412,50683
152,50683,50822
153,50822,50853
154,50853,50944
155,50944,51019
156,51019,51248
157,51248,51734
158,51734,51799
159,51799,52397
160,52397,52521
161,52521,52732
162,52732,53731
163,53731,54650
164,54650,54984
165,54984,55065
166,55065,55463
167,55463,55656
168,55656,56431
169,56431,56647
170,56647,56784
171,56784,57065
172,57065,57105
173,57105,57212
174,57212,57266
175,57266,57511
176,57511,57878
177,57878,57943
178,57943,58146
179,58146,58479
180,58479,58783
181,58783,59031
182,59031,59264
183,59264,59642
184,59642,59828
185,59828,59957
186,59957,60294
187,60294,60872
188,60872,62706
189,62706,63116
190,63116,63473
191,63473,63580
192,63580,63694
193,63694,64269
194,64269,64483
195,64483,64793
196,64793,64828
197,64828,65519
198,65519,65599
199,65599,65969
200,65969,66211
201,66211,66242
202,66242,66309
203,66309,66430
204,66430,66711
205,66711,66954
206,66954,66988
207,66988,67604
208,67604,68722
209,68722,69267
210,69267,69833
211,69833,70144
212,70144,70488
213,70488,70511
214,70511,71004
215,71004,71064
216,71064,71366
217,71366,71534
218,71534,71739
219,71739,72014
220,72014,72306
221,72306,72448
222,72448,72496
223,72496,72702
224,72702,72825
225,72825,73909
226,73909,74275
227,74275,74667
228,74667,75051
229,75051,75638
230,75638,76565
231,76565,76687
232,76687,76916
233,76916,77151
234,77151,77198
235,77198,77560
236,77560,77653
237,77653,77745
238,77745,77933
239,77933,78124
240,78124,78221
241,78221,78783
242,78783,79569
243,79569,79771
244,79771,80612
245,80612,80695
246,80695,80811
247,80811,81860
248,81860,82374
249,82374,82537
250,82537,83029
251,83029,83392
252,83392,83791
253,83791,84717
254,84717,84777
255,84777,85574
256,85574,85799
257,85799,86214
258,86214,87095
259,87095,87558
260,87558,91066
261,91066,91156
262,91156,91305
263,91305,91655
264,91655,92012
265,92012,92723
266,92723,93151
267,93151,93362
268,93362,93543
269,93543,93922
270,93922,94814
271,94814,95112
272,95112,95442
273,95442,95598
274,95598,95797
275,95797,96643
276,96643,96697
277,96697,96755
278,96755,96805
279,96805,97585
280,97585,97926
281,97926,98061
282,98061,98485
283,98485,98652
284,98652,98715
285,98715,98917
286,98917,99389
287,99389,99607
288,99607,99919
289,99919,100368
290,100368,100405
291,100405,100516
292,100516,100616
293,100616,100688
294,100688,101132
295,101132,101498
296,101498,102120
297,102120,102872
298,102872,103029
299,103029,103417
300,103417,103450
301,103450,103926
302,103926,104099
303,104099,104516
304,104516,104685
305,104685,104783
306,104783,104887
307,104887,105158
308,105158,105291
309,105291,105479
310,105479,105519
311,105519,105649
312,105649,105739
313,105739,106165
314,106165,106445
315,106445,106524
316,106524,106596
317,106596,106731
318,106731,107166
319,107166,107583
320,107583,107960
321,107960,108307
322,108307,108391
323,108391,108832
324,108832,109831
325,109831,109864
326,109864,110478
327,110478,110859
328,110859,112838
329,112838,113445
330,113445,113906
331,113906,114454
332,114454,114955
333,114955,115542
334,115542,115565
335,115565,115881
336,115881,116194
337,116194,116354
338,116354,116530
339,116530,116765
340,116765,117402
341,117402,117814
342,117814,118532
343,118532,118871
344,118871,119984
345,119984,120020
346,120020,121220
347,121220,121328
348,121328,121512
349,121512,121815
350,121815,122310
351,122310,122516
352,122516,122564
353,122564,122817
354,122817,122916
355,122916,123205
356,123205,123229
357,123229,123356
358,123356,123421
359,123421,123770
360,123770,123811
361,123811,124540
362,124540,124685
363,124685,125270
364,125270,125539
365,125539,125884
366,125884,126876
367,126876,126922
368,126922,127405
369,127405,127545
370,127545,127770
371,127770,128176
372,128176,128245
373,128245,128543
374,128543,128958
375,128958,129522
376,129522,129745
377,129745,130559
378,130559,130730
379,130730,131034
380,131034,131792
381,131792,131937
382,131937,131959
383,131959,132504
384,132504,132673
385,132673,132731
386,132731,133012
387,133012,133215
388,133215,133401
389,133401,133768
390,133768,133922
391,133922,134583
392,134583,135041
393,135041,135630
394,135630,135672
395,135672,135751
396,135751,135771
397,135771,135965
398,135965,136052
399,136052,137405
400,137405,137455
401,137455,137578
402,137578,137637
403,137637,138325
404,138325,138343
405,138343,138370
406,138370,138579
407,138579,138832
408,138832,138883
409,138883,146919
410,146919,146984
411,146984,147045
412,147045,147103
413,147103,147393
414,147393,147422
415,147422,148058
416,148058,148458
417,148458,148796
418,148796,154393
