rally_id,horizon_seconds,horizon_frames,final_contact_frame,requested_end_frame,safe_end_frame,effective_end_frame,closure_reasons,strict_landing_frame,strict_landing_x_norm,strict_landing_y_norm,strict_landing_half,strict_landing_at_border,strict_landing_net_ender,capped_landing_frame,capped_landing_x_norm,capped_landing_y_norm,capped_landing_half,capped_landing_at_border,capped_landing_net_ender,strict_verdict,strict_winner,strict_verdict_source,capped_verdict,capped_winner,capped_verdict_source,landing_changed,winner_changed
2,1.0,25,23918,23943,23928,23928,sustained_loss,,,,,,,,,,,,,won,Bot,next_server,won,Bot,next_server,false,false
2,2.0,50,23918,23968,23928,23928,sustained_loss,,,,,,,,,,,,,won,Bot,next_server,won,Bot,next_server,false,false
2,3.0,75,23918,23993,23928,23928,sustained_loss,,,,,,,,,,,,,won,Bot,next_server,won,Bot,next_server,false,false
3,1.0,25,24686,24711,24710,24710,definitive_exclusion,24705,0.6137751618750323,0.6215578812418133,Bot,false,false,24705,0.6137751618750323,0.6215578812418133,Bot,false,false,won,Top,next_server,won,Top,next_server,false,false
3,2.0,50,24686,24736,24710,24710,definitive_exclusion,24705,0.6137751618750323,0.6215578812418133,Bot,false,false,24705,0.6137751618750323,0.6215578812418133,Bot,false,false,won,Top,next_server,won,Top,next_server,false,false
3,3.0,75,24686,24761,24710,24710,definitive_exclusion,24705,0.6137751618750323,0.6215578812418133,Bot,false,false,24705,0.6137751618750323,0.6215578812418133,Bot,false,false,won,Top,next_server,won,Top,next_server,false,false
4,1.0,25,25230,25255,25248,25248,sustained_loss,25240,0.26833868174512043,0.47054339337469353,Top,false,true,25240,0.26833868174512043,0.47054339337469353,Top,false,true,lost,Bot,net_rule,lost,Bot,net_rule,false,false
4,2.0,50,25230,25280,25248,25248,sustained_loss,25240,0.26833868174512043,0.47054339337469353,Top,false,true,25240,0.26833868174512043,0.47054339337469353,Top,false,true,lost,Bot,net_rule,lost,Bot,net_rule,false,false
4,3.0,75,25230,25305,25248,25248,sustained_loss,25240,0.26833868174512043,0.47054339337469353,Top,false,true,25240,0.26833868174512043,0.47054339337469353,Top,false,true,lost,Bot,net_rule,lost,Bot,net_rule,false,false
7,1.0,25,26382,26407,26433,26407,horizon_cap,26415,0.4541015878440043,-0.19344587091178272,Top,false,false,26406,0.4294341257057292,-0.39146303651127445,Top,false,false,lost,Bot,landing_geometry,lost,Bot,landing_geometry,true,false
7,2.0,50,26382,26432,26433,26432,horizon_cap,26415,0.4541015878440043,-0.19344587091178272,Top,false,false,26415,0.4541015878440043,-0.19344587091178272,Top,false,false,lost,Bot,landing_geometry,lost,Bot,landing_geometry,false,false
7,3.0,75,26382,26457,26433,26433,definitive_exclusion,26415,0.4541015878440043,-0.19344587091178272,Top,false,false,26415,0.4541015878440043,-0.19344587091178272,Top,false,false,lost,Bot,landing_geometry,lost,Bot,landing_geometry,false,false
9,1.0,25,28498,28523,28504,28504,definitive_exclusion,28501,0.3020973793837154,0.6431935672128639,Bot,false,false,28501,0.3020973793837154,0.6431935672128639,Bot,false,false,lost,Top,landing_geometry,lost,Top,landing_geometry,false,false
9,2.0,50,28498,28548,28504,28504,definitive_exclusion,28501,0.3020973793837154,0.6431935672128639,Bot,false,false,28501,0.3020973793837154,0.6431935672128639,Bot,false,false,lost,Top,landing_geometry,lost,Top,landing_geometry,false,false
9,3.0,75,28498,28573,28504,28504,definitive_exclusion,28501,0.3020973793837154,0.6431935672128639,Bot,false,false,28501,0.3020973793837154,0.6431935672128639,Bot,false,false,lost,Top,landing_geometry,lost,Top,landing_geometry,false,false
11,1.0,25,29246,29271,29261,29261,definitive_exclusion,29260,0.4109587627247214,-0.2824131530698616,Top,false,false,29260,0.4109587627247214,-0.2824131530698616,Top,false,false,won,Top,next_server,won,Top,next_server,false,false
11,2.0,50,29246,29296,29261,29261,definitive_exclusion,29260,0.4109587627247214,-0.2824131530698616,Top,false,false,29260,0.4109587627247214,-0.2824131530698616,Top,false,false,won,Top,next_server,won,Top,next_server,false,false
11,3.0,75,29246,29321,29261,29261,definitive_exclusion,29260,0.4109587627247214,-0.2824131530698616,Top,false,false,29260,0.4109587627247214,-0.2824131530698616,Top,false,false,won,Top,next_server,won,Top,next_server,false,false
12,1.0,25,29529,29554,29568,29554,horizon_cap,,,,,,,,,,,,,lost,Bot,next_server,lost,Bot,next_server,false,false
12,2.0,50,29529,29579,29568,29568,definitive_exclusion,,,,,,,,,,,,,lost,Bot,next_server,lost,Bot,next_server,false,false
12,3.0,75,29529,29604,29568,29568,definitive_exclusion,,,,,,,,,,,,,lost,Bot,next_server,lost,Bot,next_server,false,false
13,1.0,25,30153,30178,30156,30156,definitive_exclusion,,,,,,,,,,,,,lost,Top,next_server,lost,Top,next_server,false,false
13,2.0,50,30153,30203,30156,30156,definitive_exclusion,,,,,,,,,,,,,lost,Top,next_server,lost,Top,next_server,false,false
13,3.0,75,30153,30228,30156,30156,definitive_exclusion,,,,,,,,,,,,,lost,Top,next_server,lost,Top,next_server,false,false
14,1.0,25,31054,31079,31075,31075,definitive_exclusion,,,,,,,,,,,,,,,,,,,false,false
14,2.0,50,31054,31104,31075,31075,definitive_exclusion,,,,,,,,,,,,,,,,,,,false,false
14,3.0,75,31054,31129,31075,31075,definitive_exclusion,,,,,,,,,,,,,,,,,,,false,false
16,1.0,25,31678,31703,31704,31703,horizon_cap,,,,,,,,,,,,,lost,Bot,next_server,lost,Bot,next_server,false,false
16,2.0,50,31678,31728,31704,31704,definitive_exclusion,,,,,,,,,,,,,lost,Bot,next_server,lost,Bot,next_server,false,false
16,3.0,75,31678,31753,31704,31704,definitive_exclusion,,,,,,,,,,,,,lost,Bot,next_server,lost,Bot,next_server,false,false
17,1.0,25,32033,32058,32084,32058,horizon_cap,,,,,,,,,,,,,,,,,,,false,false
17,2.0,50,32033,32083,32084,32083,horizon_cap,,,,,,,,,,,,,,,,,,,false,false
17,3.0,75,32033,32108,32084,32084,definitive_exclusion,,,,,,,,,,,,,,,,,,,false,false
19,1.0,25,33217,33242,33239,33239,definitive_exclusion,,,,,,,,,,,,,won,Top,next_server,won,Top,next_server,false,false
19,2.0,50,33217,33267,33239,33239,definitive_exclusion,,,,,,,,,,,,,won,Top,next_server,won,Top,next_server,false,false
19,3.0,75,33217,33292,33239,33239,definitive_exclusion,,,,,,,,,,,,,won,Top,next_server,won,Top,next_server,false,false
20,1.0,25,33393,33418,33535,33418,horizon_cap,33503,0.4541015878440043,-0.19344587091178272,Top,false,false,33415,0.073319409950664,0.18169053159987864,Top,false,false,won,Top,next_server,won,Top,next_server,true,false
20,2.0,50,33393,33443,33535,33443,horizon_cap,33503,0.4541015878440043,-0.19344587091178272,Top,false,false,33439,0.4541015878440043,-0.19344587091178272,Top,false,false,won,Top,next_server,won,Top,next_server,true,false
20,3.0,75,33393,33468,33535,33468,horizon_cap,33503,0.4541015878440043,-0.19344587091178272,Top,false,false,33439,0.4541015878440043,-0.19344587091178272,Top,false,false,won,Top,next_server,won,Top,next_server,true,false
21,1.0,25,34190,34215,34194,34194,definitive_exclusion,,,,,,,,,,,,,won,Top,next_server,won,Top,next_server,false,false
21,2.0,50,34190,34240,34194,34194,definitive_exclusion,,,,,,,,,,,,,won,Top,next_server,won,Top,next_server,false,false
21,3.0,75,34190,34265,34194,34194,definitive_exclusion,,,,,,,,,,,,,won,Top,next_server,won,Top,next_server,false,false
22,1.0,25,34462,34487,34474,34474,sustained_loss,34466,-0.3145485759011226,-0.353890982511844,Top,false,false,34466,-0.3145485759011226,-0.353890982511844,Top,false,false,won,Top,next_server,won,Top,next_server,false,false
22,2.0,50,34462,34512,34474,34474,sustained_loss,34466,-0.3145485759011226,-0.353890982511844,Top,false,false,34466,-0.3145485759011226,-0.353890982511844,Top,false,false,won,Top,next_server,won,Top,next_server,false,false
22,3.0,75,34462,34537,34474,34474,sustained_loss,34466,-0.3145485759011226,-0.353890982511844,Top,false,false,34466,-0.3145485759011226,-0.353890982511844,Top,false,false,won,Top,next_server,won,Top,next_server,false,false
23,1.0,25,35497,35522,35520,35520,sustained_loss,,,,,,,,,,,,,won,Top,next_server,won,Top,next_server,false,false
23,2.0,50,35497,35547,35520,35520,sustained_loss,,,,,,,,,,,,,won,Top,next_server,won,Top,next_server,false,false
23,3.0,75,35497,35572,35520,35520,sustained_loss,,,,,,,,,,,,,won,Top,next_server,won,Top,next_server,false,false
24,1.0,25,36121,36146,36246,36146,horizon_cap,36223,0.4541015878440043,-0.19344587091178272,Top,false,false,36140,0.4810693263214998,-0.19329717696119084,Top,false,false,won,Bot,next_server,won,Bot,next_server,true,false
24,2.0,50,36121,36171,36246,36171,horizon_cap,36223,0.4541015878440043,-0.19344587091178272,Top,false,false,36167,0.4297511011812293,-0.37733213905074114,Top,false,false,won,Bot,next_server,won,Bot,next_server,true,false
24,3.0,75,36121,36196,36246,36196,horizon_cap,36223,0.4541015878440043,-0.19344587091178272,Top,false,false,36191,0.4541015878440043,-0.19344587091178272,Top,false,false,won,Bot,next_server,won,Bot,next_server,true,false
25,1.0,25,37726,37751,37793,37751,horizon_cap,,,,,,,,,,,,,won,Top,next_server,won,Top,next_server,false,false
25,2.0,50,37726,37776,37793,37776,horizon_cap,,,,,,,,,,,,,won,Top,next_server,won,Top,next_server,false,false
25,3.0,75,37726,37801,37793,37793,definitive_exclusion,,,,,,,,,,,,,won,Top,next_server,won,Top,next_server,false,false
26,1.0,25,38467,38492,38471,38471,definitive_exclusion,,,,,,,,,,,,,won,Top,next_server,won,Top,next_server,false,false
26,2.0,50,38467,38517,38471,38471,definitive_exclusion,,,,,,,,,,,,,won,Top,next_server,won,Top,next_server,false,false
26,3.0,75,38467,38542,38471,38471,definitive_exclusion,,,,,,,,,,,,,won,Top,next_server,won,Top,next_server,false,false
27,1.0,25,39025,39050,39042,39042,definitive_exclusion,39039,0.4541015878440043,-0.19344587091178272,Top,false,false,39039,0.4541015878440043,-0.19344587091178272,Top,false,false,won,Bot,next_server,won,Bot,next_server,false,false
27,2.0,50,39025,39075,39042,39042,definitive_exclusion,39039,0.4541015878440043,-0.19344587091178272,Top,false,false,39039,0.4541015878440043,-0.19344587091178272,Top,false,false,won,Bot,next_server,won,Bot,next_server,false,false
27,3.0,75,39025,39100,39042,39042,definitive_exclusion,39039,0.4541015878440043,-0.19344587091178272,Top,false,false,39039,0.4541015878440043,-0.19344587091178272,Top,false,false,won,Bot,next_server,won,Bot,next_server,false,false
28,1.0,25,39246,39271,39345,39271,horizon_cap,39327,0.4541015878440043,-0.19344587091178272,Top,false,false,39270,0.4294341257057292,-0.39146303651127445,Top,false,false,won,Bot,next_server,won,Bot,next_server,true,false
28,2.0,50,39246,39296,39345,39296,horizon_cap,39327,0.4541015878440043,-0.19344587091178272,Top,false,false,39295,0.4541015878440043,-0.19344587091178272,Top,false,false,won,Bot,next_server,won,Bot,next_server,true,false
28,3.0,75,39246,39321,39345,39321,horizon_cap,39327,0.4541015878440043,-0.19344587091178272,Top,false,false,39319,0.4297511011812293,-0.37733213905074114,Top,false,false,won,Bot,next_server,won,Bot,next_server,true,false
29,1.0,25,39649,39674,39686,39674,horizon_cap,39679,0.4541015878440043,-0.19344587091178272,Top,false,false,39671,0.4297511011812293,-0.37733213905074114,Top,false,false,lost,Bot,next_server,lost,Bot,next_server,true,false
29,2.0,50,39649,39699,39686,39686,definitive_exclusion,39679,0.4541015878440043,-0.19344587091178272,Top,false,false,39679,0.4541015878440043,-0.19344587091178272,Top,false,false,lost,Bot,next_server,lost,Bot,next_server,false,false
29,3.0,75,39649,39724,39686,39686,definitive_exclusion,39679,0.4541015878440043,-0.19344587091178272,Top,false,false,39679,0.4541015878440043,-0.19344587091178272,Top,false,false,lost,Bot,next_server,lost,Bot,next_server,false,false
30,1.0,25,40398,40423,40446,40423,horizon_cap,,,,,,,,,,,,,won,Bot,next_server,won,Bot,next_server,false,false
30,2.0,50,40398,40448,40446,40446,definitive_exclusion,,,,,,,,,,,,,won,Bot,next_server,won,Bot,next_server,false,false
30,3.0,75,40398,40473,40446,40446,definitive_exclusion,,,,,,,,,,,,,won,Bot,next_server,won,Bot,next_server,false,false
31,1.0,25,41655,41680,41663,41663,definitive_exclusion,41662,-1.1515655777992886,-0.5994476346319149,Top,false,false,41662,-1.1515655777992886,-0.5994476346319149,Top,false,false,won,Bot,next_server,won,Bot,next_server,false,false
31,2.0,50,41655,41705,41663,41663,definitive_exclusion,41662,-1.1515655777992886,-0.5994476346319149,Top,false,false,41662,-1.1515655777992886,-0.5994476346319149,Top,false,false,won,Bot,next_server,won,Bot,next_server,false,false
31,3.0,75,41655,41730,41663,41663,definitive_exclusion,41662,-1.1515655777992886,-0.5994476346319149,Top,false,false,41662,-1.1515655777992886,-0.5994476346319149,Top,false,false,won,Bot,next_server,won,Bot,next_server,false,false
32,1.0,25,42336,42361,42376,42361,horizon_cap,42363,0.7316347149375123,0.49240807634395745,Top,false,false,42360,0.7378110620457315,0.4022799033648416,Top,false,false,lost,Top,next_server,lost,Top,next_server,true,false
32,2.0,50,42336,42386,42376,42376,sustained_loss,42363,0.7316347149375123,0.49240807634395745,Top,false,false,42363,0.7316347149375123,0.49240807634395745,Top,false,false,lost,Top,next_server,lost,Top,next_server,false,false
32,3.0,75,42336,42411,42376,42376,sustained_loss,42363,0.7316347149375123,0.49240807634395745,Top,false,false,42363,0.7316347149375123,0.49240807634395745,Top,false,false,lost,Top,next_server,lost,Top,next_server,false,false
33,1.0,25,43307,43332,43312,43312,sustained_loss,,,,,,,,,,,,,lost,Bot,next_server,lost,Bot,next_server,false,false
33,2.0,50,43307,43357,43312,43312,sustained_loss,,,,,,,,,,,,,lost,Bot,next_server,lost,Bot,next_server,false,false
33,3.0,75,43307,43382,43312,43312,sustained_loss,,,,,,,,,,,,,lost,Bot,next_server,lost,Bot,next_server,false,false
34,1.0,25,43565,43590,43724,43590,horizon_cap,43584,0.4056737624398731,-0.23100940721099705,Top,false,false,43584,0.4056737624398731,-0.23100940721099705,Top,false,false,lost,Bot,next_server,lost,Bot,next_server,false,false
34,2.0,50,43565,43615,43724,43615,horizon_cap,43584,0.4056737624398731,-0.23100940721099705,Top,false,false,43584,0.4056737624398731,-0.23100940721099705,Top,false,false,lost,Bot,next_server,lost,Bot,next_server,false,false
34,3.0,75,43565,43640,43724,43640,horizon_cap,43584,0.4056737624398731,-0.23100940721099705,Top,false,false,43584,0.4056737624398731,-0.23100940721099705,Top,false,false,lost,Bot,next_server,lost,Bot,next_server,false,false
35,1.0,25,44526,44551,44590,44551,horizon_cap,,,,,,,,,,,,,lost,Bot,next_server,lost,Bot,next_server,false,false
35,2.0,50,44526,44576,44590,44576,horizon_cap,,,,,,,,,,,,,lost,Bot,next_server,lost,Bot,next_server,false,false
35,3.0,75,44526,44601,44590,44590,definitive_exclusion,,,,,,,,,,,,,lost,Bot,next_server,lost,Bot,next_server,false,false
36,1.0,25,46174,46199,46192,46192,definitive_exclusion,,,,,,,,,,,,,lost,Bot,next_server,lost,Bot,next_server,false,false
36,2.0,50,46174,46224,46192,46192,definitive_exclusion,,,,,,,,,,,,,lost,Bot,next_server,lost,Bot,next_server,false,false
36,3.0,75,46174,46249,46192,46192,definitive_exclusion,,,,,,,,,,,,,lost,Bot,next_server,lost,Bot,next_server,false,false
37,1.0,25,47121,47146,47128,47128,sustained_loss,,,,,,,,,,,,,won,Bot,next_server,won,Bot,next_server,false,false
37,2.0,50,47121,47171,47128,47128,sustained_loss,,,,,,,,,,,,,won,Bot,next_server,won,Bot,next_server,false,false
37,3.0,75,47121,47196,47128,47128,sustained_loss,,,,,,,,,,,,,won,Bot,next_server,won,Bot,next_server,false,false
38,1.0,25,47998,48023,48062,48023,horizon_cap,,,,,,,,,,,,,lost,Bot,next_server,lost,Bot,next_server,false,false
38,2.0,50,47998,48048,48062,48048,horizon_cap,,,,,,,,,,,,,lost,Bot,next_server,lost,Bot,next_server,false,false
38,3.0,75,47998,48073,48062,48062,definitive_exclusion,,,,,,,,,,,,,lost,Bot,next_server,lost,Bot,next_server,false,false
39,1.0,25,48942,48967,48950,48950,definitive_exclusion,,,,,,,,,,,,,,,,,,,false,false
39,2.0,50,48942,48992,48950,48950,definitive_exclusion,,,,,,,,,,,,,,,,,,,false,false
39,3.0,75,48942,49017,48950,48950,definitive_exclusion,,,,,,,,,,,,,,,,,,,false,false
41,1.0,25,51538,51563,51547,51547,sustained_loss,51546,0.20825868837807196,0.28472663244485974,Top,false,false,51546,0.20825868837807196,0.28472663244485974,Top,false,false,lost,Bot,next_server,lost,Bot,next_server,false,false
41,2.0,50,51538,51588,51547,51547,sustained_loss,51546,0.20825868837807196,0.28472663244485974,Top,false,false,51546,0.20825868837807196,0.28472663244485974,Top,false,false,lost,Bot,next_server,lost,Bot,next_server,false,false
41,3.0,75,51538,51613,51547,51547,sustained_loss,51546,0.20825868837807196,0.28472663244485974,Top,false,false,51546,0.20825868837807196,0.28472663244485974,Top,false,false,lost,Bot,next_server,lost,Bot,next_server,false,false
42,1.0,25,52891,52916,52944,52916,horizon_cap,,,,,,,,,,,,,,,,,,,false,false
42,2.0,50,52891,52941,52944,52941,horizon_cap,,,,,,,,,,,,,,,,,,,false,false
42,3.0,75,52891,52966,52944,52944,sustained_loss,,,,,,,,,,,,,,,,,,,false,false
44,1.0,25,53969,53994,54007,53994,horizon_cap,,,,,,,,,,,,,lost,Bot,next_server,lost,Bot,next_server,false,false
44,2.0,50,53969,54019,54007,54007,definitive_exclusion,,,,,,,,,,,,,lost,Bot,next_server,lost,Bot,next_server,false,false
44,3.0,75,53969,54044,54007,54007,definitive_exclusion,,,,,,,,,,,,,lost,Bot,next_server,lost,Bot,next_server,false,false
45,1.0,25,55365,55390,55384,55384,sustained_loss,,,,,,,,,,,,,,,,,,,false,false
45,2.0,50,55365,55415,55384,55384,sustained_loss,,,,,,,,,,,,,,,,,,,false,false
45,3.0,75,55365,55440,55384,55384,sustained_loss,,,,,,,,,,,,,,,,,,,false,false
47,1.0,25,56238,56263,56246,56246,definitive_exclusion,,,,,,,,,,,,,,,,,,,false,false
47,2.0,50,56238,56288,56246,56246,definitive_exclusion,,,,,,,,,,,,,,,,,,,false,false
47,3.0,75,56238,56313,56246,56246,definitive_exclusion,,,,,,,,,,,,,,,,,,,false,false
50,1.0,25,58206,58231,58248,58231,horizon_cap,58210,0.053345397319318616,0.2254747960757284,Top,false,false,58210,0.053345397319318616,0.2254747960757284,Top,false,false,lost,Bot,next_server,lost,Bot,next_server,false,false
50,2.0,50,58206,58256,58248,58248,sustained_loss,58210,0.053345397319318616,0.2254747960757284,Top,false,false,58210,0.053345397319318616,0.2254747960757284,Top,false,false,lost,Bot,next_server,lost,Bot,next_server,false,false
50,3.0,75,58206,58281,58248,58248,sustained_loss,58210,0.053345397319318616,0.2254747960757284,Top,false,false,58210,0.053345397319318616,0.2254747960757284,Top,false,false,lost,Bot,next_server,lost,Bot,next_server,false,false
51,1.0,25,59966,59991,59979,59979,definitive_exclusion,,,,,,,,,,,,,won,Bot,next_server,won,Bot,next_server,false,false
51,2.0,50,59966,60016,59979,59979,definitive_exclusion,,,,,,,,,,,,,won,Bot,next_server,won,Bot,next_server,false,false
51,3.0,75,59966,60041,59979,59979,definitive_exclusion,,,,,,,,,,,,,won,Bot,next_server,won,Bot,next_server,false,false
52,1.0,25,61614,61639,61660,61639,horizon_cap,61659,0.40222575560663604,-0.3359538347761568,Top,false,false,61638,0.4294341257057292,-0.39146303651127445,Top,false,false,lost,Top,next_server,lost,Top,next_server,true,false
52,2.0,50,61614,61664,61660,61660,definitive_exclusion,61659,0.40222575560663604,-0.3359538347761568,Top,false,false,61659,0.40222575560663604,-0.3359538347761568,Top,false,false,lost,Top,next_server,lost,Top,next_server,false,false
52,3.0,75,61614,61689,61660,61660,definitive_exclusion,61659,0.40222575560663604,-0.3359538347761568,Top,false,false,61659,0.40222575560663604,-0.3359538347761568,Top,false,false,lost,Top,next_server,lost,Top,next_server,false,false
53,1.0,25,62577,62602,62592,62592,sustained_loss,,,,,,,,,,,,,won,Top,next_server,won,Top,next_server,false,false
53,2.0,50,62577,62627,62592,62592,sustained_loss,,,,,,,,,,,,,won,Top,next_server,won,Top,next_server,false,false
53,3.0,75,62577,62652,62592,62592,sustained_loss,,,,,,,,,,,,,won,Top,next_server,won,Top,next_server,false,false
54,1.0,25,66497,66522,66510,66510,definitive_exclusion,,,,,,,,,,,,,,,,,,,false,false
54,2.0,50,66497,66547,66510,66510,definitive_exclusion,,,,,,,,,,,,,,,,,,,false,false
54,3.0,75,66497,66572,66510,66510,definitive_exclusion,,,,,,,,,,,,,,,,,,,false,false
57,1.0,25,67857,67882,67866,67866,definitive_exclusion,67863,0.4297511011812293,-0.37733213905074114,Top,false,false,67863,0.4297511011812293,-0.37733213905074114,Top,false,false,lost,Top,landing_geometry,lost,Top,landing_geometry,false,false
57,2.0,50,67857,67907,67866,67866,definitive_exclusion,67863,0.4297511011812293,-0.37733213905074114,Top,false,false,67863,0.4297511011812293,-0.37733213905074114,Top,false,false,lost,Top,landing_geometry,lost,Top,landing_geometry,false,false
57,3.0,75,67857,67932,67866,67866,definitive_exclusion,67863,0.4297511011812293,-0.37733213905074114,Top,false,false,67863,0.4297511011812293,-0.37733213905074114,Top,false,false,lost,Top,landing_geometry,lost,Top,landing_geometry,false,false
59,1.0,25,68462,68487,68467,68467,definitive_exclusion,,,,,,,,,,,,,won,Top,next_server,won,Top,next_server,false,false
59,2.0,50,68462,68512,68467,68467,definitive_exclusion,,,,,,,,,,,,,won,Top,next_server,won,Top,next_server,false,false
59,3.0,75,68462,68537,68467,68467,definitive_exclusion,,,,,,,,,,,,,won,Top,next_server,won,Top,next_server,false,false
60,1.0,25,69326,69351,69344,69344,sustained_loss,69340,0.15471009735821534,0.10806417830904508,Top,false,false,69340,0.15471009735821534,0.10806417830904508,Top,false,false,won,Bot,next_server,won,Bot,next_server,false,false
60,2.0,50,69326,69376,69344,69344,sustained_loss,69340,0.15471009735821534,0.10806417830904508,Top,false,false,69340,0.15471009735821534,0.10806417830904508,Top,false,false,won,Bot,next_server,won,Bot,next_server,false,false
60,3.0,75,69326,69401,69344,69344,sustained_loss,69340,0.15471009735821534,0.10806417830904508,Top,false,false,69340,0.15471009735821534,0.10806417830904508,Top,false,false,won,Bot,next_server,won,Bot,next_server,false,false
61,1.0,25,69756,69781,69758,69758,sustained_loss,,,,,,,,,,,,,won,Bot,next_server,won,Bot,next_server,false,false
61,2.0,50,69756,69806,69758,69758,sustained_loss,,,,,,,,,,,,,won,Bot,next_server,won,Bot,next_server,false,false
61,3.0,75,69756,69831,69758,69758,sustained_loss,,,,,,,,,,,,,won,Bot,next_server,won,Bot,next_server,false,false
62,1.0,25,70510,70535,70521,70521,definitive_exclusion+sustained_loss,,,,,,,,,,,,,,,,,,,false,false
62,2.0,50,70510,70560,70521,70521,definitive_exclusion+sustained_loss,,,,,,,,,,,,,,,,,,,false,false
62,3.0,75,70510,70585,70521,70521,definitive_exclusion+sustained_loss,,,,,,,,,,,,,,,,,,,false,false
64,1.0,25,71342,71367,71350,71350,definitive_exclusion,,,,,,,,,,,,,won,Top,next_server,won,Top,next_server,false,false
64,2.0,50,71342,71392,71350,71350,definitive_exclusion,,,,,,,,,,,,,won,Top,next_server,won,Top,next_server,false,false
64,3.0,75,71342,71417,71350,71350,definitive_exclusion,,,,,,,,,,,,,won,Top,next_server,won,Top,next_server,false,false
65,1.0,25,72590,72615,72594,72594,sustained_loss,72593,0.6931898841228347,0.2110241632656055,Top,false,false,72593,0.6931898841228347,0.2110241632656055,Top,false,false,lost,Bot,next_server,lost,Bot,next_server,false,false
65,2.0,50,72590,72640,72594,72594,sustained_loss,72593,0.6931898841228347,0.2110241632656055,Top,false,false,72593,0.6931898841228347,0.2110241632656055,Top,false,false,lost,Bot,next_server,lost,Bot,next_server,false,false
65,3.0,75,72590,72665,72594,72594,sustained_loss,72593,0.6931898841228347,0.2110241632656055,Top,false,false,72593,0.6931898841228347,0.2110241632656055,Top,false,false,lost,Bot,next_server,lost,Bot,next_server,false,false
66,1.0,25,72897,72922,72903,72903,sustained_loss,72902,0.3108277898626348,0.38590442901745636,Top,false,false,72902,0.3108277898626348,0.38590442901745636,Top,false,false,won,Top,next_server,won,Top,next_server,false,false
66,2.0,50,72897,72947,72903,72903,sustained_loss,72902,0.3108277898626348,0.38590442901745636,Top,false,false,72902,0.3108277898626348,0.38590442901745636,Top,false,false,won,Top,next_server,won,Top,next_server,false,false
66,3.0,75,72897,72972,72903,72903,sustained_loss,72902,0.3108277898626348,0.38590442901745636,Top,false,false,72902,0.3108277898626348,0.38590442901745636,Top,false,false,won,Top,next_server,won,Top,next_server,false,false
67,1.0,25,73742,73767,73772,73767,horizon_cap,73759,0.4541015878440043,-0.19344587091178272,Top,false,false,73766,0.4294341257057292,-0.39146303651127445,Top,false,false,lost,Top,next_server,lost,Top,next_server,true,false
67,2.0,50,73742,73792,73772,73772,definitive_exclusion,73759,0.4541015878440043,-0.19344587091178272,Top,false,false,73759,0.4541015878440043,-0.19344587091178272,Top,false,false,lost,Top,next_server,lost,Top,next_server,false,false
67,3.0,75,73742,73817,73772,73772,definitive_exclusion,73759,0.4541015878440043,-0.19344587091178272,Top,false,false,73759,0.4541015878440043,-0.19344587091178272,Top,false,false,lost,Top,next_server,lost,Top,next_server,false,false
68,1.0,25,74073,74098,74079,74079,sustained_loss,,,,,,,,,,,,,,,,,,,false,false
68,2.0,50,74073,74123,74079,74079,sustained_loss,,,,,,,,,,,,,,,,,,,false,false
68,3.0,75,74073,74148,74079,74079,sustained_loss,,,,,,,,,,,,,,,,,,,false,false
70,1.0,25,75310,75335,75327,75327,definitive_exclusion,75319,-0.31958845063307423,0.24088943284336573,Top,false,false,75319,-0.31958845063307423,0.24088943284336573,Top,false,false,won,Bot,next_server,won,Bot,next_server,false,false
70,2.0,50,75310,75360,75327,75327,definitive_exclusion,75319,-0.31958845063307423,0.24088943284336573,Top,false,false,75319,-0.31958845063307423,0.24088943284336573,Top,false,false,won,Bot,next_server,won,Bot,next_server,false,false
70,3.0,75,75310,75385,75327,75327,definitive_exclusion,75319,-0.31958845063307423,0.24088943284336573,Top,false,false,75319,-0.31958845063307423,0.24088943284336573,Top,false,false,won,Bot,next_server,won,Bot,next_server,false,false
71,1.0,25,75630,75655,75688,75655,horizon_cap,75679,0.4541015878440043,-0.19344587091178272,Top,false,false,75654,0.4294341257057292,-0.39146303651127445,Top,false,false,lost,Top,landing_geometry,lost,Top,landing_geometry,true,false
71,2.0,50,75630,75680,75688,75680,horizon_cap,75679,0.4541015878440043,-0.19344587091178272,Top,false,false,75679,0.4541015878440043,-0.19344587091178272,Top,false,false,lost,Top,landing_geometry,lost,Top,landing_geometry,false,false
71,3.0,75,75630,75705,75688,75688,definitive_exclusion,75679,0.4541015878440043,-0.19344587091178272,Top,false,false,75679,0.4541015878440043,-0.19344587091178272,Top,false,false,lost,Top,landing_geometry,lost,Top,landing_geometry,false,false
73,1.0,25,77166,77191,77270,77191,horizon_cap,,,,,,,,,,,,,,,,,,,false,false
73,2.0,50,77166,77216,77270,77216,horizon_cap,,,,,,,,,,,,,,,,,,,false,false
73,3.0,75,77166,77241,77270,77241,horizon_cap,,,,,,,,,,,,,,,,,,,false,false
76,1.0,25,81217,81242,81240,81240,sustained_loss,81228,0.9114071195151501,0.22931252684663836,Top,false,false,81228,0.9114071195151501,0.22931252684663836,Top,false,false,lost,Bot,next_server,lost,Bot,next_server,false,false
76,2.0,50,81217,81267,81240,81240,sustained_loss,81228,0.9114071195151501,0.22931252684663836,Top,false,false,81228,0.9114071195151501,0.22931252684663836,Top,false,false,lost,Bot,next_server,lost,Bot,next_server,false,false
76,3.0,75,81217,81292,81240,81240,sustained_loss,81228,0.9114071195151501,0.22931252684663836,Top,false,false,81228,0.9114071195151501,0.22931252684663836,Top,false,false,lost,Bot,next_server,lost,Bot,next_server,false,false
77,1.0,25,81518,81543,81576,81543,horizon_cap,,,,,,,,,,,,,lost,Bot,next_server,lost,Bot,next_server,false,false
77,2.0,50,81518,81568,81576,81568,horizon_cap,,,,,,,,,,,,,lost,Bot,next_server,lost,Bot,next_server,false,false
77,3.0,75,81518,81593,81576,81576,sustained_loss,,,,,,,,,,,,,lost,Bot,next_server,lost,Bot,next_server,false,false
78,1.0,25,82030,82055,82078,82055,horizon_cap,82047,0.4541015878440043,-0.19344587091178272,Top,false,false,82054,0.4294341257057292,-0.39146303651127445,Top,false,false,lost,Top,next_server,lost,Top,next_server,true,false
78,2.0,50,82030,82080,82078,82078,definitive_exclusion,82047,0.4541015878440043,-0.19344587091178272,Top,false,false,82047,0.4541015878440043,-0.19344587091178272,Top,false,false,lost,Top,next_server,lost,Top,next_server,false,false
78,3.0,75,82030,82105,82078,82078,definitive_exclusion,82047,0.4541015878440043,-0.19344587091178272,Top,false,false,82047,0.4541015878440043,-0.19344587091178272,Top,false,false,lost,Top,next_server,lost,Top,next_server,false,false
79,1.0,25,84110,84135,84113,84113,definitive_exclusion,,,,,,,,,,,,,won,Top,next_server,won,Top,next_server,false,false
79,2.0,50,84110,84160,84113,84113,definitive_exclusion,,,,,,,,,,,,,won,Top,next_server,won,Top,next_server,false,false
79,3.0,75,84110,84185,84113,84113,definitive_exclusion,,,,,,,,,,,,,won,Top,next_server,won,Top,next_server,false,false
80,1.0,25,84350,84375,84409,84375,horizon_cap,,,,,,,,,,,,,,,,,,,false,false
80,2.0,50,84350,84400,84409,84400,horizon_cap,,,,,,,,,,,,,,,,,,,false,false
80,3.0,75,84350,84425,84409,84409,definitive_exclusion,,,,,,,,,,,,,,,,,,,false,false
82,1.0,25,85678,85703,85729,85703,horizon_cap,,,,,,,,,,,,,won,Top,next_server,won,Top,next_server,false,false
82,2.0,50,85678,85728,85729,85728,horizon_cap,,,,,,,,,,,,,won,Top,next_server,won,Top,next_server,false,false
82,3.0,75,85678,85753,85729,85729,definitive_exclusion,,,,,,,,,,,,,won,Top,next_server,won,Top,next_server,false,false
83,1.0,25,86621,86646,86632,86632,sustained_loss,,,,,,,,,,,,,lost,Bot,next_server,lost,Bot,next_server,false,false
83,2.0,50,86621,86671,86632,86632,sustained_loss,,,,,,,,,,,,,lost,Bot,next_server,lost,Bot,next_server,false,false
83,3.0,75,86621,86696,86632,86632,sustained_loss,,,,,,,,,,,,,lost,Bot,next_server,lost,Bot,next_server,false,false
84,1.0,25,88095,88120,88100,88100,definitive_exclusion,88099,-0.21479061366048002,-0.07994162179934403,Top,false,false,88099,-0.21479061366048002,-0.07994162179934403,Top,false,false,lost,Bot,next_server,lost,Bot,next_server,false,false
84,2.0,50,88095,88145,88100,88100,definitive_exclusion,88099,-0.21479061366048002,-0.07994162179934403,Top,false,false,88099,-0.21479061366048002,-0.07994162179934403,Top,false,false,lost,Bot,next_server,lost,Bot,next_server,false,false
84,3.0,75,88095,88170,88100,88100,definitive_exclusion,88099,-0.21479061366048002,-0.07994162179934403,Top,false,false,88099,-0.21479061366048002,-0.07994162179934403,Top,false,false,lost,Bot,next_server,lost,Bot,next_server,false,false
85,1.0,25,88990,89015,89000,89000,definitive_exclusion+sustained_loss,88992,0.1991524135266214,0.47702232691706936,Top,false,true,88992,0.1991524135266214,0.47702232691706936,Top,false,true,lost,Bot,net_rule,lost,Bot,net_rule,false,false
85,2.0,50,88990,89040,89000,89000,definitive_exclusion+sustained_loss,88992,0.1991524135266214,0.47702232691706936,Top,false,true,88992,0.1991524135266214,0.47702232691706936,Top,false,true,lost,Bot,net_rule,lost,Bot,net_rule,false,false
85,3.0,75,88990,89065,89000,89000,definitive_exclusion+sustained_loss,88992,0.1991524135266214,0.47702232691706936,Top,false,true,88992,0.1991524135266214,0.47702232691706936,Top,false,true,lost,Bot,net_rule,lost,Bot,net_rule,false,false
89,1.0,25,91358,91383,91391,91383,horizon_cap,91373,0.24061207642426702,-0.17033207771650205,Top,false,false,91382,0.4294341257057292,-0.39146303651127445,Top,false,false,won,Bot,next_server,won,Bot,next_server,true,false
89,2.0,50,91358,91408,91391,91391,definitive_exclusion,91373,0.24061207642426702,-0.17033207771650205,Top,false,false,91373,0.24061207642426702,-0.17033207771650205,Top,false,false,won,Bot,next_server,won,Bot,next_server,false,false
89,3.0,75,91358,91433,91391,91391,definitive_exclusion,91373,0.24061207642426702,-0.17033207771650205,Top,false,false,91373,0.24061207642426702,-0.17033207771650205,Top,false,false,won,Bot,next_server,won,Bot,next_server,false,false
90,1.0,25,91646,91671,91663,91663,definitive_exclusion,91662,0.4132706869989548,-0.20598461080261934,Top,false,false,91662,0.4132706869989548,-0.20598461080261934,Top,false,false,lost,Top,next_server,lost,Top,next_server,false,false
90,2.0,50,91646,91696,91663,91663,definitive_exclusion,91662,0.4132706869989548,-0.20598461080261934,Top,false,false,91662,0.4132706869989548,-0.20598461080261934,Top,false,false,lost,Top,next_server,lost,Top,next_server,false,false
90,3.0,75,91646,91721,91663,91663,definitive_exclusion,91662,0.4132706869989548,-0.20598461080261934,Top,false,false,91662,0.4132706869989548,-0.20598461080261934,Top,false,false,lost,Top,next_server,lost,Top,next_server,false,false
91,1.0,25,92593,92618,92618,92618,horizon_cap+definitive_exclusion,92607,0.4541015878440043,-0.19344587091178272,Top,false,false,92607,0.4541015878440043,-0.19344587091178272,Top,false,false,lost,Bot,landing_geometry,lost,Bot,landing_geometry,false,false
91,2.0,50,92593,92643,92618,92618,definitive_exclusion,92607,0.4541015878440043,-0.19344587091178272,Top,false,false,92607,0.4541015878440043,-0.19344587091178272,Top,false,false,lost,Bot,landing_geometry,lost,Bot,landing_geometry,false,false
91,3.0,75,92593,92668,92618,92618,definitive_exclusion,92607,0.4541015878440043,-0.19344587091178272,Top,false,false,92607,0.4541015878440043,-0.19344587091178272,Top,false,false,lost,Bot,landing_geometry,lost,Bot,landing_geometry,false,false
93,1.0,25,93646,93671,93664,93664,sustained_loss,93656,0.467895832832413,0.3938937417864781,Top,false,false,93656,0.467895832832413,0.3938937417864781,Top,false,false,won,Bot,next_server,won,Bot,next_server,false,false
93,2.0,50,93646,93696,93664,93664,sustained_loss,93656,0.467895832832413,0.3938937417864781,Top,false,false,93656,0.467895832832413,0.3938937417864781,Top,false,false,won,Bot,next_server,won,Bot,next_server,false,false
93,3.0,75,93646,93721,93664,93664,sustained_loss,93656,0.467895832832413,0.3938937417864781,Top,false,false,93656,0.467895832832413,0.3938937417864781,Top,false,false,won,Bot,next_server,won,Bot,next_server,false,false
94,1.0,25,94529,94554,94536,94536,sustained_loss,,,,,,,,,,,,,won,Bot,next_server,won,Bot,next_server,false,false
94,2.0,50,94529,94579,94536,94536,sustained_loss,,,,,,,,,,,,,won,Bot,next_server,won,Bot,next_server,false,false
94,3.0,75,94529,94604,94536,94536,sustained_loss,,,,,,,,,,,,,won,Bot,next_server,won,Bot,next_server,false,false
95,1.0,25,95374,95399,95417,95399,horizon_cap,,,,,,,,,,,,,won,Top,next_server,won,Top,next_server,false,false
95,2.0,50,95374,95424,95417,95417,definitive_exclusion,,,,,,,,,,,,,won,Top,next_server,won,Top,next_server,false,false
95,3.0,75,95374,95449,95417,95417,definitive_exclusion,,,,,,,,,,,,,won,Top,next_server,won,Top,next_server,false,false
96,1.0,25,96206,96231,96232,96231,horizon_cap,96214,0.8459078932264883,0.9229955303356355,Bot,false,false,96214,0.8459078932264883,0.9229955303356355,Bot,false,false,lost,Top,landing_geometry,lost,Top,landing_geometry,false,false
96,2.0,50,96206,96256,96232,96232,sustained_loss,96214,0.8459078932264883,0.9229955303356355,Bot,false,false,96214,0.8459078932264883,0.9229955303356355,Bot,false,false,lost,Top,landing_geometry,lost,Top,landing_geometry,false,false
96,3.0,75,96206,96281,96232,96232,sustained_loss,96214,0.8459078932264883,0.9229955303356355,Bot,false,false,96214,0.8459078932264883,0.9229955303356355,Bot,false,false,lost,Top,landing_geometry,lost,Top,landing_geometry,false,false
98,1.0,25,97121,97146,97131,97131,definitive_exclusion,97123,1.0111341408217716,-0.21508289087250995,Top,false,false,97123,1.0111341408217716,-0.21508289087250995,Top,false,false,won,Top,next_server,won,Top,next_server,false,false
98,2.0,50,97121,97171,97131,97131,definitive_exclusion,97123,1.0111341408217716,-0.21508289087250995,Top,false,false,97123,1.0111341408217716,-0.21508289087250995,Top,false,false,won,Top,next_server,won,Top,next_server,false,false
98,3.0,75,97121,97196,97131,97131,definitive_exclusion,97123,1.0111341408217716,-0.21508289087250995,Top,false,false,97123,1.0111341408217716,-0.21508289087250995,Top,false,false,won,Top,next_server,won,Top,next_server,false,false
99,1.0,25,98046,98071,98060,98060,definitive_exclusion,98059,0.40222575560663604,-0.3359538347761568,Top,false,false,98059,0.40222575560663604,-0.3359538347761568,Top,false,false,won,Bot,next_server,won,Bot,next_server,false,false
99,2.0,50,98046,98096,98060,98060,definitive_exclusion,98059,0.40222575560663604,-0.3359538347761568,Top,false,false,98059,0.40222575560663604,-0.3359538347761568,Top,false,false,won,Bot,next_server,won,Bot,next_server,false,false
99,3.0,75,98046,98121,98060,98060,definitive_exclusion,98059,0.40222575560663604,-0.3359538347761568,Top,false,false,98059,0.40222575560663604,-0.3359538347761568,Top,false,false,won,Bot,next_server,won,Bot,next_server,false,false
100,1.0,25,98273,98298,98320,98298,horizon_cap,98300,0.21739368165279316,0.8804866208503623,Bot,false,false,98297,0.20713622024412398,0.8010644709625399,Bot,false,false,won,Bot,next_server,won,Bot,next_server,true,false
100,2.0,50,98273,98323,98320,98320,sustained_loss,98300,0.21739368165279316,0.8804866208503623,Bot,false,false,98300,0.21739368165279316,0.8804866208503623,Bot,false,false,won,Bot,next_server,won,Bot,next_server,false,false
100,3.0,75,98273,98348,98320,98320,sustained_loss,98300,0.21739368165279316,0.8804866208503623,Bot,false,false,98300,0.21739368165279316,0.8804866208503623,Bot,false,false,won,Bot,next_server,won,Bot,next_server,false,false
101,1.0,25,98710,98735,98744,98735,horizon_cap,,,,,,,,,,,,,lost,Bot,next_server,lost,Bot,next_server,false,false
101,2.0,50,98710,98760,98744,98744,definitive_exclusion,,,,,,,,,,,,,lost,Bot,next_server,lost,Bot,next_server,false,false
101,3.0,75,98710,98785,98744,98744,definitive_exclusion,,,,,,,,,,,,,lost,Bot,next_server,lost,Bot,next_server,false,false
102,1.0,25,98910,98935,98937,98935,horizon_cap,98935,0.4297511011812293,-0.37733213905074114,Top,false,false,98934,0.4294341257057292,-0.39146303651127445,Top,false,false,lost,Top,next_server,lost,Top,next_server,true,false
102,2.0,50,98910,98960,98937,98937,definitive_exclusion,98935,0.4297511011812293,-0.37733213905074114,Top,false,false,98935,0.4297511011812293,-0.37733213905074114,Top,false,false,lost,Top,next_server,lost,Top,next_server,false,false
102,3.0,75,98910,98985,98937,98937,definitive_exclusion,98935,0.4297511011812293,-0.37733213905074114,Top,false,false,98935,0.4297511011812293,-0.37733213905074114,Top,false,false,lost,Top,next_server,lost,Top,next_server,false,false
103,1.0,25,99459,99484,99472,99472,sustained_loss,,,,,,,,,,,,,won,Top,next_server,won,Top,next_server,false,false
103,2.0,50,99459,99509,99472,99472,sustained_loss,,,,,,,,,,,,,won,Top,next_server,won,Top,next_server,false,false
103,3.0,75,99459,99534,99472,99472,sustained_loss,,,,,,,,,,,,,won,Top,next_server,won,Top,next_server,false,false
104,1.0,25,100937,100962,101005,100962,horizon_cap,100958,0.034557201974813996,0.21675498565064907,Top,false,false,100958,0.034557201974813996,0.21675498565064907,Top,false,false,won,Top,next_server,won,Top,next_server,false,false
104,2.0,50,100937,100987,101005,100987,horizon_cap,100958,0.034557201974813996,0.21675498565064907,Top,false,false,100958,0.034557201974813996,0.21675498565064907,Top,false,false,won,Top,next_server,won,Top,next_server,false,false
104,3.0,75,100937,101012,101005,101005,definitive_exclusion,100958,0.034557201974813996,0.21675498565064907,Top,false,false,100958,0.034557201974813996,0.21675498565064907,Top,false,false,won,Top,next_server,won,Top,next_server,false,false
105,1.0,25,102292,102317,102346,102317,horizon_cap,102320,0.9529639197581908,0.9113112462037295,Bot,false,false,102316,0.9268240165266879,0.8949583228121848,Bot,false,false,won,Bot,next_server,won,Bot,next_server,true,false
105,2.0,50,102292,102342,102346,102342,horizon_cap,102320,0.9529639197581908,0.9113112462037295,Bot,false,false,102320,0.9529639197581908,0.9113112462037295,Bot,false,false,won,Bot,next_server,won,Bot,next_server,false,false
105,3.0,75,102292,102367,102346,102346,sustained_loss,102320,0.9529639197581908,0.9113112462037295,Bot,false,false,102320,0.9529639197581908,0.9113112462037295,Bot,false,false,won,Bot,next_server,won,Bot,next_server,false,false
106,1.0,25,104689,104714,104791,104714,horizon_cap,104727,0.4297511011812293,-0.37733213905074114,Top,false,false,104703,0.4541015878440043,-0.19344587091178272,Top,false,false,lost,Top,next_server,lost,Top,next_server,true,false
106,2.0,50,104689,104739,104791,104739,horizon_cap,104727,0.4297511011812293,-0.37733213905074114,Top,false,false,104727,0.4297511011812293,-0.37733213905074114,Top,false,false,lost,Top,next_server,lost,Top,next_server,false,false
106,3.0,75,104689,104764,104791,104764,horizon_cap,104727,0.4297511011812293,-0.37733213905074114,Top,false,false,104727,0.4297511011812293,-0.37733213905074114,Top,false,false,lost,Top,next_server,lost,Top,next_server,false,false
107,1.0,25,106716,106741,106720,106720,sustained_loss,,,,,,,,,,,,,lost,Top,next_server,lost,Top,next_server,false,false
107,2.0,50,106716,106766,106720,106720,sustained_loss,,,,,,,,,,,,,lost,Top,next_server,lost,Top,next_server,false,false
107,3.0,75,106716,106791,106720,106720,sustained_loss,,,,,,,,,,,,,lost,Top,next_server,lost,Top,next_server,false,false
108,1.0,25,107358,107383,107377,107377,definitive_exclusion,,,,,,,,,,,,,won,Top,next_server,won,Top,next_server,false,false
108,2.0,50,107358,107408,107377,107377,definitive_exclusion,,,,,,,,,,,,,won,Top,next_server,won,Top,next_server,false,false
108,3.0,75,107358,107433,107377,107377,definitive_exclusion,,,,,,,,,,,,,won,Top,next_server,won,Top,next_server,false,false
109,1.0,25,107569,107594,107571,107571,sustained_loss,,,,,,,,,,,,,won,Top,next_server,won,Top,next_server,false,false
109,2.0,50,107569,107619,107571,107571,sustained_loss,,,,,,,,,,,,,won,Top,next_server,won,Top,next_server,false,false
109,3.0,75,107569,107644,107571,107571,sustained_loss,,,,,,,,,,,,,won,Top,next_server,won,Top,next_server,false,false
110,1.0,25,108206,108231,108291,108231,horizon_cap,108210,0.03331545338716764,0.12645168640443077,Top,false,false,108210,0.03331545338716764,0.12645168640443077,Top,false,false,lost,Top,next_server,lost,Top,next_server,false,false
110,2.0,50,108206,108256,108291,108256,horizon_cap,108210,0.03331545338716764,0.12645168640443077,Top,false,false,108210,0.03331545338716764,0.12645168640443077,Top,false,false,lost,Top,next_server,lost,Top,next_server,false,false
110,3.0,75,108206,108281,108291,108281,horizon_cap,108210,0.03331545338716764,0.12645168640443077,Top,false,false,108210,0.03331545338716764,0.12645168640443077,Top,false,false,lost,Top,next_server,lost,Top,next_server,false,false
111,1.0,25,109790,109815,109826,109815,horizon_cap,109807,0.4541015878440043,-0.19344587091178272,Top,false,false,109814,0.4294341257057292,-0.39146303651127445,Top,false,false,won,Top,next_server,won,Top,next_server,true,false
111,2.0,50,109790,109840,109826,109826,definitive_exclusion,109807,0.4541015878440043,-0.19344587091178272,Top,false,false,109807,0.4541015878440043,-0.19344587091178272,Top,false,false,won,Top,next_server,won,Top,next_server,false,false
111,3.0,75,109790,109865,109826,109826,definitive_exclusion,109807,0.4541015878440043,-0.19344587091178272,Top,false,false,109807,0.4541015878440043,-0.19344587091178272,Top,false,false,won,Top,next_server,won,Top,next_server,false,false
112,1.0,25,110379,110404,110381,110381,sustained_loss,,,,,,,,,,,,,lost,Top,next_server,lost,Top,next_server,false,false
112,2.0,50,110379,110429,110381,110381,sustained_loss,,,,,,,,,,,,,lost,Top,next_server,lost,Top,next_server,false,false
112,3.0,75,110379,110454,110381,110381,sustained_loss,,,,,,,,,,,,,lost,Top,next_server,lost,Top,next_server,false,false
113,1.0,25,110990,111015,111018,111015,horizon_cap,,,,,,,,,,,,,lost,Top,next_server,lost,Top,next_server,false,false
113,2.0,50,110990,111040,111018,111018,sustained_loss,,,,,,,,,,,,,lost,Top,next_server,lost,Top,next_server,false,false
113,3.0,75,110990,111065,111018,111018,sustained_loss,,,,,,,,,,,,,lost,Top,next_server,lost,Top,next_server,false,false
114,1.0,25,112334,112359,112360,112359,horizon_cap,112359,0.4297511011812293,-0.37733213905074114,Top,false,false,112358,0.4294341257057292,-0.39146303651127445,Top,false,false,lost,Top,next_server,lost,Top,next_server,true,false
114,2.0,50,112334,112384,112360,112360,definitive_exclusion,112359,0.4297511011812293,-0.37733213905074114,Top,false,false,112359,0.4297511011812293,-0.37733213905074114,Top,false,false,lost,Top,next_server,lost,Top,next_server,false,false
114,3.0,75,112334,112409,112360,112360,definitive_exclusion,112359,0.4297511011812293,-0.37733213905074114,Top,false,false,112359,0.4297511011812293,-0.37733213905074114,Top,false,false,lost,Top,next_server,lost,Top,next_server,false,false
115,1.0,25,112513,112538,112528,112528,sustained_loss,112527,0.43061463494626123,-0.05442735370232473,Top,false,false,112527,0.43061463494626123,-0.05442735370232473,Top,false,false,lost,Bot,next_server,lost,Bot,next_server,false,false
115,2.0,50,112513,112563,112528,112528,sustained_loss,112527,0.43061463494626123,-0.05442735370232473,Top,false,false,112527,0.43061463494626123,-0.05442735370232473,Top,false,false,lost,Bot,next_server,lost,Bot,next_server,false,false
115,3.0,75,112513,112588,112528,112528,sustained_loss,112527,0.43061463494626123,-0.05442735370232473,Top,false,false,112527,0.43061463494626123,-0.05442735370232473,Top,false,false,lost,Bot,next_server,lost,Bot,next_server,false,false
116,1.0,25,113121,113146,113123,113123,definitive_exclusion,,,,,,,,,,,,,won,Top,next_server,won,Top,next_server,false,false
116,2.0,50,113121,113171,113123,113123,definitive_exclusion,,,,,,,,,,,,,won,Top,next_server,won,Top,next_server,false,false
116,3.0,75,113121,113196,113123,113123,definitive_exclusion,,,,,,,,,,,,,won,Top,next_server,won,Top,next_server,false,false
117,1.0,25,113694,113719,113696,113696,sustained_loss,,,,,,,,,,,,,lost,Top,next_server,lost,Top,next_server,false,false
117,2.0,50,113694,113744,113696,113696,sustained_loss,,,,,,,,,,,,,lost,Top,next_server,lost,Top,next_server,false,false
117,3.0,75,113694,113769,113696,113696,sustained_loss,,,,,,,,,,,,,lost,Top,next_server,lost,Top,next_server,false,false
118,1.0,25,114257,114282,114267,114267,definitive_exclusion,114265,-0.06945705760625404,0.757287080289745,Bot,false,false,114265,-0.06945705760625404,0.757287080289745,Bot,false,false,lost,Bot,next_server,lost,Bot,next_server,false,false
118,2.0,50,114257,114307,114267,114267,definitive_exclusion,114265,-0.06945705760625404,0.757287080289745,Bot,false,false,114265,-0.06945705760625404,0.757287080289745,Bot,false,false,lost,Bot,next_server,lost,Bot,next_server,false,false
118,3.0,75,114257,114332,114267,114267,definitive_exclusion,114265,-0.06945705760625404,0.757287080289745,Bot,false,false,114265,-0.06945705760625404,0.757287080289745,Bot,false,false,lost,Bot,next_server,lost,Bot,next_server,false,false
119,1.0,25,114494,114519,114660,114519,horizon_cap,114527,0.4541015878440043,-0.19344587091178272,Top,false,false,114518,0.4294341257057292,-0.39146303651127445,Top,false,false,won,Top,next_server,won,Top,next_server,true,false
119,2.0,50,114494,114544,114660,114544,horizon_cap,114527,0.4541015878440043,-0.19344587091178272,Top,false,false,114527,0.4541015878440043,-0.19344587091178272,Top,false,false,won,Top,next_server,won,Top,next_server,false,false
119,3.0,75,114494,114569,114660,114569,horizon_cap,114527,0.4541015878440043,-0.19344587091178272,Top,false,false,114527,0.4541015878440043,-0.19344587091178272,Top,false,false,won,Top,next_server,won,Top,next_server,false,false
120,1.0,25,115038,115063,115084,115063,horizon_cap,115083,0.40222575560663604,-0.3359538347761568,Top,false,false,115062,0.4294341257057292,-0.39146303651127445,Top,false,false,won,Top,next_server,won,Top,next_server,true,false
120,2.0,50,115038,115088,115084,115084,definitive_exclusion,115083,0.40222575560663604,-0.3359538347761568,Top,false,false,115083,0.40222575560663604,-0.3359538347761568,Top,false,false,won,Top,next_server,won,Top,next_server,false,false
120,3.0,75,115038,115113,115084,115084,definitive_exclusion,115083,0.40222575560663604,-0.3359538347761568,Top,false,false,115083,0.40222575560663604,-0.3359538347761568,Top,false,false,won,Top,next_server,won,Top,next_server,false,false
121,1.0,25,116161,116186,116184,116184,sustained_loss,116183,0.7231801984081317,0.08177076891031383,Top,false,false,116183,0.7231801984081317,0.08177076891031383,Top,false,false,lost,Top,next_server,lost,Top,next_server,false,false
121,2.0,50,116161,116211,116184,116184,sustained_loss,116183,0.7231801984081317,0.08177076891031383,Top,false,false,116183,0.7231801984081317,0.08177076891031383,Top,false,false,lost,Top,next_server,lost,Top,next_server,false,false
121,3.0,75,116161,116236,116184,116184,sustained_loss,116183,0.7231801984081317,0.08177076891031383,Top,false,false,116183,0.7231801984081317,0.08177076891031383,Top,false,false,lost,Top,next_server,lost,Top,next_server,false,false
122,1.0,25,116686,116711,116745,116711,horizon_cap,116694,1.9874677200171895,-0.035498343806779124,Top,false,false,116694,1.9874677200171895,-0.035498343806779124,Top,false,false,lost,Top,next_server,lost,Top,next_server,false,false
122,2.0,50,116686,116736,116745,116736,horizon_cap,116694,1.9874677200171895,-0.035498343806779124,Top,false,false,116694,1.9874677200171895,-0.035498343806779124,Top,false,false,lost,Top,next_server,lost,Top,next_server,false,false
122,3.0,75,116686,116761,116745,116745,definitive_exclusion,116694,1.9874677200171895,-0.035498343806779124,Top,false,false,116694,1.9874677200171895,-0.035498343806779124,Top,false,false,lost,Top,next_server,lost,Top,next_server,false,false
123,1.0,25,117246,117271,117264,117264,sustained_loss,117253,0.7303233091717046,0.9943057381589784,Bot,false,false,117253,0.7303233091717046,0.9943057381589784,Bot,false,false,won,Top,landing_geometry,won,Top,landing_geometry,false,false
123,2.0,50,117246,117296,117264,117264,sustained_loss,117253,0.7303233091717046,0.9943057381589784,Bot,false,false,117253,0.7303233091717046,0.9943057381589784,Bot,false,false,won,Top,landing_geometry,won,Top,landing_geometry,false,false
123,3.0,75,117246,117321,117264,117264,sustained_loss,117253,0.7303233091717046,0.9943057381589784,Bot,false,false,117253,0.7303233091717046,0.9943057381589784,Bot,false,false,won,Top,landing_geometry,won,Top,landing_geometry,false,false
125,1.0,25,119059,119084,119072,119072,definitive_exclusion,119066,1.2387345760768191,0.1780666118618011,Top,false,false,119066,1.2387345760768191,0.1780666118618011,Top,false,false,won,Bot,next_server,won,Bot,next_server,false,false
125,2.0,50,119059,119109,119072,119072,definitive_exclusion,119066,1.2387345760768191,0.1780666118618011,Top,false,false,119066,1.2387345760768191,0.1780666118618011,Top,false,false,won,Bot,next_server,won,Bot,next_server,false,false
125,3.0,75,119059,119134,119072,119072,definitive_exclusion,119066,1.2387345760768191,0.1780666118618011,Top,false,false,119066,1.2387345760768191,0.1780666118618011,Top,false,false,won,Bot,next_server,won,Bot,next_server,false,false
126,1.0,25,121406,121431,121458,121431,horizon_cap,121415,0.4297511011812293,-0.37733213905074114,Top,false,false,121430,0.4294341257057292,-0.39146303651127445,Top,false,false,lost,Top,next_server,lost,Top,next_server,true,false
126,2.0,50,121406,121456,121458,121456,horizon_cap,121415,0.4297511011812293,-0.37733213905074114,Top,false,false,121415,0.4297511011812293,-0.37733213905074114,Top,false,false,lost,Top,next_server,lost,Top,next_server,false,false
126,3.0,75,121406,121481,121458,121458,definitive_exclusion,121415,0.4297511011812293,-0.37733213905074114,Top,false,false,121415,0.4297511011812293,-0.37733213905074114,Top,false,false,lost,Top,next_server,lost,Top,next_server,false,false
127,1.0,25,122990,123015,123050,123015,horizon_cap,123010,0.3954383199719504,0.889326486198946,Bot,false,false,123010,0.3954383199719504,0.889326486198946,Bot,false,false,won,Top,next_server,won,Top,next_server,false,false
127,2.0,50,122990,123040,123050,123040,horizon_cap,123010,0.3954383199719504,0.889326486198946,Bot,false,false,123010,0.3954383199719504,0.889326486198946,Bot,false,false,won,Top,next_server,won,Top,next_server,false,false
127,3.0,75,122990,123065,123050,123050,definitive_exclusion,123010,0.3954383199719504,0.889326486198946,Bot,false,false,123010,0.3954383199719504,0.889326486198946,Bot,false,false,won,Top,next_server,won,Top,next_server,false,false
128,1.0,25,123662,123687,123675,123675,definitive_exclusion,123673,-0.31792207475040113,0.2151709761116169,Top,false,false,123673,-0.31792207475040113,0.2151709761116169,Top,false,false,won,Bot,next_server,won,Bot,next_server,false,false
128,2.0,50,123662,123712,123675,123675,definitive_exclusion,123673,-0.31792207475040113,0.2151709761116169,Top,false,false,123673,-0.31792207475040113,0.2151709761116169,Top,false,false,won,Bot,next_server,won,Bot,next_server,false,false
128,3.0,75,123662,123737,123675,123675,definitive_exclusion,123673,-0.31792207475040113,0.2151709761116169,Top,false,false,123673,-0.31792207475040113,0.2151709761116169,Top,false,false,won,Bot,next_server,won,Bot,next_server,false,false
129,1.0,25,124454,124479,124482,124479,horizon_cap,,,,,,,,,,,,,won,Top,next_server,won,Top,next_server,false,false
129,2.0,50,124454,124504,124482,124482,definitive_exclusion,,,,,,,,,,,,,won,Top,next_server,won,Top,next_server,false,false
129,3.0,75,124454,124529,124482,124482,definitive_exclusion,,,,,,,,,,,,,won,Top,next_server,won,Top,next_server,false,false
130,1.0,25,125041,125066,125064,125064,sustained_loss,125043,0.917040207664245,0.22933772115978132,Top,false,false,125043,0.917040207664245,0.22933772115978132,Top,false,false,won,Top,next_server,won,Top,next_server,false,false
130,2.0,50,125041,125091,125064,125064,sustained_loss,125043,0.917040207664245,0.22933772115978132,Top,false,false,125043,0.917040207664245,0.22933772115978132,Top,false,false,won,Top,next_server,won,Top,next_server,false,false
130,3.0,75,125041,125116,125064,125064,sustained_loss,125043,0.917040207664245,0.22933772115978132,Top,false,false,125043,0.917040207664245,0.22933772115978132,Top,false,false,won,Top,next_server,won,Top,next_server,false,false
131,1.0,25,125950,125975,125986,125975,horizon_cap,,,,,,,,,,,,,lost,Top,next_server,lost,Top,next_server,false,false
131,2.0,50,125950,126000,125986,125986,definitive_exclusion,,,,,,,,,,,,,lost,Top,next_server,lost,Top,next_server,false,false
131,3.0,75,125950,126025,125986,125986,definitive_exclusion,,,,,,,,,,,,,lost,Top,next_server,lost,Top,next_server,false,false
132,1.0,25,126494,126519,126536,126519,horizon_cap,,,,,,,,,,,,,,,,,,,false,false
132,2.0,50,126494,126544,126536,126536,definitive_exclusion,,,,,,,,,,,,,,,,,,,false,false
132,3.0,75,126494,126569,126536,126536,definitive_exclusion,,,,,,,,,,,,,,,,,,,false,false
134,1.0,25,127695,127720,127697,127697,sustained_loss,,,,,,,,,,,,,won,Top,next_server,won,Top,next_server,false,false
134,2.0,50,127695,127745,127697,127697,sustained_loss,,,,,,,,,,,,,won,Top,next_server,won,Top,next_server,false,false
134,3.0,75,127695,127770,127697,127697,sustained_loss,,,,,,,,,,,,,won,Top,next_server,won,Top,next_server,false,false
135,1.0,25,128444,128469,128456,128456,sustained_loss,,,,,,,,,,,,,won,Top,next_server,won,Top,next_server,false,false
135,2.0,50,128444,128494,128456,128456,sustained_loss,,,,,,,,,,,,,won,Top,next_server,won,Top,next_server,false,false
135,3.0,75,128444,128519,128456,128456,sustained_loss,,,,,,,,,,,,,won,Top,next_server,won,Top,next_server,false,false
136,1.0,25,129649,129674,129724,129674,horizon_cap,129655,0.4297511011812293,-0.37733213905074114,Top,false,false,129655,0.4297511011812293,-0.37733213905074114,Top,false,false,won,Top,next_server,won,Top,next_server,false,false
136,2.0,50,129649,129699,129724,129699,horizon_cap,129655,0.4297511011812293,-0.37733213905074114,Top,false,false,129655,0.4297511011812293,-0.37733213905074114,Top,false,false,won,Top,next_server,won,Top,next_server,false,false
136,3.0,75,129649,129724,129724,129724,horizon_cap+definitive_exclusion,129655,0.4297511011812293,-0.37733213905074114,Top,false,false,129655,0.4297511011812293,-0.37733213905074114,Top,false,false,won,Top,next_server,won,Top,next_server,false,false
137,1.0,25,129998,130023,130002,130002,definitive_exclusion,130000,0.8094362777712831,0.11118332065509764,Top,false,false,130000,0.8094362777712831,0.11118332065509764,Top,false,false,won,Bot,next_server,won,Bot,next_server,false,false
137,2.0,50,129998,130048,130002,130002,definitive_exclusion,130000,0.8094362777712831,0.11118332065509764,Top,false,false,130000,0.8094362777712831,0.11118332065509764,Top,false,false,won,Bot,next_server,won,Bot,next_server,false,false
137,3.0,75,129998,130073,130002,130002,definitive_exclusion,130000,0.8094362777712831,0.11118332065509764,Top,false,false,130000,0.8094362777712831,0.11118332065509764,Top,false,false,won,Bot,next_server,won,Bot,next_server,false,false
138,1.0,25,130421,130446,130423,130423,sustained_loss,,,,,,,,,,,,,,,,,,,false,false
138,2.0,50,130421,130471,130423,130423,sustained_loss,,,,,,,,,,,,,,,,,,,false,false
138,3.0,75,130421,130496,130423,130423,sustained_loss,,,,,,,,,,,,,,,,,,,false,false
141,1.0,25,141342,141367,141378,141367,horizon_cap,,,,,,,,,,,,,won,Bot,next_server,won,Bot,next_server,false,false
141,2.0,50,141342,141392,141378,141378,definitive_exclusion,,,,,,,,,,,,,won,Bot,next_server,won,Bot,next_server,false,false
141,3.0,75,141342,141417,141378,141378,definitive_exclusion,,,,,,,,,,,,,won,Bot,next_server,won,Bot,next_server,false,false
142,1.0,25,141953,141978,142052,141978,horizon_cap,142047,0.4541015878440043,-0.19344587091178272,Top,false,false,141975,0.4297511011812293,-0.37733213905074114,Top,false,false,won,Bot,next_server,won,Bot,next_server,true,false
142,2.0,50,141953,142003,142052,142003,horizon_cap,142047,0.4541015878440043,-0.19344587091178272,Top,false,false,141999,0.4541015878440043,-0.19344587091178272,Top,false,false,won,Bot,next_server,won,Bot,next_server,true,false
142,3.0,75,141953,142028,142052,142028,horizon_cap,142047,0.4541015878440043,-0.19344587091178272,Top,false,false,142027,0.40222575560663604,-0.3359538347761568,Top,false,false,won,Bot,next_server,won,Bot,next_server,true,false
143,1.0,25,148001,148026,148007,148007,definitive_exclusion,148006,0.4294341257057292,-0.39146303651127445,Top,false,false,148006,0.4294341257057292,-0.39146303651127445,Top,false,false,lost,Bot,landing_geometry,lost,Bot,landing_geometry,false,false
143,2.0,50,148001,148051,148007,148007,definitive_exclusion,148006,0.4294341257057292,-0.39146303651127445,Top,false,false,148006,0.4294341257057292,-0.39146303651127445,Top,false,false,lost,Bot,landing_geometry,lost,Bot,landing_geometry,false,false
143,3.0,75,148001,148076,148007,148007,definitive_exclusion,148006,0.4294341257057292,-0.39146303651127445,Top,false,false,148006,0.4294341257057292,-0.39146303651127445,Top,false,false,lost,Bot,landing_geometry,lost,Bot,landing_geometry,false,false
